iata; name; city; state; country; latitude; longitude; x; y; priority
00M; Thigpen; Bay Springs; MS; USA; 31.953764; -89.234505; 0.67441237; 0.27384603; 2
00R; Livingston Municipal; Livingston; TX; USA; 30.685862; -95.01793; 0.57327735; 0.22229141; 2
00V; Meadow Lake; Colorado Springs; CO; USA; 38.945747; -104.56989; 0.41875076; 0.52416897; 2
01G; Perry-Warsaw; Perry; NY; USA; 42.74135; -78.05208; 0.8264747; 0.69105196; 2
01J; Hilliard Airpark; Hilliard; FL; USA; 30.688013; -81.905945; 0.80613583; 0.2535662; 2
01M; Tishomingo County; Belmont; MS; USA; 34.491665; -88.20111; 0.688145; 0.36538905; 2
02A; Gragg-Wade; Clanton; AL; USA; 32.850487; -86.61145; 0.7184354; 0.31186908; 2
02C; Capitol; Brookfield; WI; USA; 43.08751; -88.17787; 0.6737235; 0.6682203; 2
02G; Columbiana County; East Liverpool; OH; USA; 40.673313; -80.6414; 0.7947568; 0.6074594; 2
03D; Memphis Memorial; Memphis; MO; USA; 40.447258; -92.22696; 0.6149072; 0.5688261; 2
04M; Calhoun County; Pittsboro; MS; USA; 33.93011; -89.34285; 0.66962284; 0.34312403; 2
04Y; Hawley Municipal; Hawley; MN; USA; 46.88385; -96.3509; 0.55076164; 0.7932094; 2
05C; Griffith-Merrillville; Griffith; IN; USA; 41.51962; -87.40109; 0.68837047; 0.6148512; 2
05F; Gatesville - City/County; Gatesville; TX; USA; 31.421276; -97.79697; 0.5240196; 0.24849325; 2
05U; Eureka; Eureka; NV; USA; 39.604168; -116.00506; 0.24073593; 0.593136; 2
06A; Moton  Municipal; Tuskegee; AL; USA; 32.460472; -85.68004; 0.73539627; 0.3010255; 2
06C; Schaumburg; Chicago/Schaumburg; IL; USA; 41.98934; -88.10124; 0.676783; 0.6297946; 2
06D; Rolla Municipal; Rolla; ND; USA; 48.884342; -99.62088; 0.50569665; 0.8643401; 2
06M; Eupora Municipal; Eupora; MS; USA; 33.534565; -89.31257; 0.67072207; 0.32926035; 2
06N; Randall; Middletown; NY; USA; 41.431564; -74.391914; 0.8869875; 0.66536963; 2
06U; Jackpot/Hayden; Jackpot; NV; USA; 41.97602; -114.65809; 0.2713608; 0.6680547; 2
07C; Dekalb County; Auburn; IN; USA; 41.307167; -85.06433; 0.72477424; 0.6136385; 2
07F; Gladewater Municipal; Gladewater; TX; USA; 32.52884; -94.97175; 0.57368463; 0.2871415; 2
07G; Fitch H Beach; Charlotte; MI; USA; 42.57451; -84.81143; 0.725549; 0.65881944; 2
07K; Central City Municipal; Central City; NE; USA; 41.11668; -98.05034; 0.52392656; 0.59108055; 2
08A; Wetumpka Municipal; Wetumpka; AL; USA; 32.529438; -86.328224; 0.72400784; 0.30144238; 2
08D; Stanley Municipal; Stanley; ND; USA; 48.3008; -102.40635; 0.46641552; 0.8475827; 2
08K; Harvard State; Harvard; NE; USA; 40.651386; -98.07979; 0.52325594; 0.57466114; 2
08M; Carthage-Leake County; Carthage; MS; USA; 32.761246; -89.530075; 0.6680895; 0.30161572; 2
09A; Butler-Choctaw County; Butler; AL; USA; 32.119312; -88.127464; 0.6934989; 0.28217453; 2
09J; Jekyll Island; Jekyll Island; GA; USA; 31.074472; -81.42778; 0.8133343; 0.26914507; 2
09K; Sargent Municipal; Sargent; NE; USA; 41.63695; -99.34038; 0.50428236; 0.61039996; 2
09M; Charleston Municipal; Charleston; MS; USA; 33.9915; -90.07815; 0.6569845; 0.34388393; 2
09W; South Capitol Street; Washington; DC; USA; 38.868725; -77.00748; 0.85813576; 0.56212294; 2
0A3; Smithville Municipal; Smithville; TN; USA; 35.985313; -85.80932; 0.7252545; 0.42435026; 2
0A8; Bibb County; Centreville; AL; USA; 32.93679; -87.08888; 0.7100193; 0.31355566; 2
0A9; Elizabethton Municipal; Elizabethton; TN; USA; 36.37094; -82.173744; 0.7841766; 0.45071262; 2
0AK; Pilot Station; Pilot Station; AK; USA; 61.933964; -162.89293; 0.1578758; 0.14709133; 2
0B1; Col. Dyke; Bethel; ME; USA; 44.425064; -70.807846; 0.92433846; 0.78992105; 2
0B4; Hartington Municipal; Hartington; NE; USA; 42.603554; -97.25264; 0.53672373; 0.64318895; 2
0B5; Turners Falls; Montague; MA; USA; 42.591362; -72.52276; 0.90914196; 0.7164991; 2
0B7; Warren-Sugar Bush; Warren; VT; USA; 44.116726; -72.82706; 0.8969625; 0.76672244; 2
0B8; Elizabeth; Fishers Island; NY; USA; 41.25131; -72.03161; 0.9233785; 0.6738141; 2
0C0; Dacy; Chicago/Harvard; IL; USA; 42.404186; -88.63343; 0.6679741; 0.64328146; 2
0C4; Pender Municipal; Pender; NE; USA; 42.113888; -96.72893; 0.5446069; 0.62577933; 2
0D1; South Haven Municipal; South Haven; MI; USA; 42.350834; -86.25614; 0.70418763; 0.6469023; 2
0D8; Gettysburg Municipal; Gettysburg; SD; USA; 44.987305; -99.9535; 0.49774712; 0.72886515; 2
0E0; Moriarty; Moriarty; NM; USA; 34.985607; -106.00947; 0.38707936; 0.3886665; 2
0E8; Crownpoint; Crownpoint; NM; USA; 35.71766; -108.2016; 0.35228562; 0.42160308; 2
0F2; Bowie Municipal; Bowie; TX; USA; 33.601665; -97.77556; 0.525249; 0.32528812; 2
0F4; Loup City Municipal; Loup City; NE; USA; 41.290287; -98.99065; 0.5094425; 0.59786236; 2
0F7; Fountainhead Lodge Airpark; Eufaula; OK; USA; 35.38899; -95.601654; 0.56245774; 0.3879586; 2
0F8; William R Pogue Municipal; Sand Springs; OK; USA; 36.17528; -96.15181; 0.5532441; 0.41573942; 2
0F9; Tishomingo Airpark; Tishomingo; OK; USA; 34.195927; -96.67556; 0.5442438; 0.3458531; 2
0G0; North Buffalo Suburban; Lockport; NY; USA; 43.103184; -78.70335; 0.8153937; 0.7005207; 2
0G3; Tecumseh Municipal; Tecumseh; NE; USA; 40.399445; -96.171394; 0.5530784; 0.5651609; 2
0G6; Williams County; Bryan; OH; USA; 41.46736; -84.50655; 0.73294866; 0.6209688; 2
0G7; Finger Lakes Regional; Seneca Falls; NY; USA; 42.880623; -76.781624; 0.8447992; 0.70217395; 2
0H1; Trego Wakeeney; Wakeeney; KS; USA; 39.00445; -99.8929; 0.49351066; 0.51797473; 2
0I8; Cynthiana-Harrison County; Cynthiana; KY; USA; 38.36674; -84.2841; 0.7443564; 0.51288354; 2
0J0; Abbeville Municipal; Abbeville; AL; USA; 31.600168; -85.23882; 0.74507385; 0.272366; 2
0J4; Florala Municipal; Florala; AL; USA; 31.042473; -86.31156; 0.72745556; 0.24943328; 2
0J6; Headland Municipal; Headland; AL; USA; 31.364895; -85.309654; 0.74438405; 0.26390547; 2
0K7; Humboldt Municipal; Humboldt; IA; USA; 42.736084; -94.24524; 0.5823928; 0.64806366; 2
0L5; Goldfield; Goldfield; NV; USA; 37.717987; -117.23841; 0.21285665; 0.5351682; 2
0L7; Jean; Jean; NV; USA; 35.768272; -115.329636; 0.23496471; 0.45652735; 2
0L9; Echo Bay; Overton; NV; USA; 36.31109; -114.46387; 0.25134605; 0.4705444; 2
0M0; Dumas Municipal; Dumas; AR; USA; 33.88455; -91.534294; 0.6322224; 0.33781946; 2
0M1; Scott; Parsons; TN; USA; 35.63778; -88.128; 0.68739563; 0.40592456; 2
0M4; Benton County; Camden; TN; USA; 36.011227; -88.12329; 0.6868257; 0.41909468; 2
0M5; Humphreys County; Waverly; TN; USA; 36.1166; -87.73816; 0.69302607; 0.42372406; 2
0M6; Panola County; Batesville; MS; USA; 34.366776; -89.900085; 0.6595197; 0.3574317; 2
0M8; Byerley; Lake Providence; LA; USA; 32.82588; -91.18767; 0.6392731; 0.30101126; 2
0O3; Calaveras Co-Maury Rasmussen; San Andreas; CA; USA; 38.14612; -120.64817; 0.16125934; 0.5721806; 2
0O4; Corning Municipal; Corning; CA; USA; 39.943768; -122.17138; 0.14773639; 0.6443539; 2
0O5; University; Davis; CA; USA; 38.531464; -121.78649; 0.14564636; 0.59346056; 2
0Q5; Shelter Cove; Shelter Cove; CA; USA; 40.027645; -124.073364; 0.11943206; 0.6614429; 2
0Q6; Shingletown; Shingletown; CA; USA; 40.522102; -121.81777; 0.15636632; 0.66150725; 2
0R0; Columbia-Marion County; Columbia; MS; USA; 31.297009; -89.81283; 0.66517705; 0.24962264; 2
0R1; Atmore Municipal; Atmore; AL; USA; 31.016214; -87.44676; 0.7074459; 0.24525905; 2
0R3; Abbeville Chris Crusta Memorial; Abbeville; LA; USA; 29.975761; -92.08415; 0.62617564; 0.19966066; 2
0R4; Concordia Parish; Vidalia; LA; USA; 31.566833; -91.50012; 0.63510025; 0.25627398; 2
0R5; David G Joyce; Winnfield; LA; USA; 31.963663; -92.66026; 0.6143658; 0.26880854; 2
0R7; Red River; Coushatta; LA; USA; 31.990717; -93.307396; 0.6029988; 0.26915318; 2
0S7; Dorothy Scott; Oroville; WA; USA; 48.958965; -119.411964; 0.2355785; 0.9321336; 2
0S9; Jefferson County International; Port Townsend; WA; USA; 48.049812; -122.80128; 0.18517584; 0.9224621; 2
0V2; Harriet Alexander; Salida; CO; USA; 38.539165; -106.045845; 0.39433426; 0.5137599; 2
0V3; Pioneer Village; Minden; NE; USA; 40.51491; -98.94565; 0.5096356; 0.5704434; 2
0V4; Brookneal/Campbell County; Brookneal; VA; USA; 37.141724; -79.01639; 0.8329571; 0.49178302; 2
0V6; Mission Sioux; Mission; SD; USA; 43.30695; -100.6282; 0.48614722; 0.67061985; 2
0V7; Kayenta; Kayenta; AZ; USA; 36.70972; -110.2368; 0.32168707; 0.4642492; 2
10C; Galt; Chicago/Greenwood/Wonderlake; IL; USA; 42.402664; -88.37589; 0.6718913; 0.6437495; 2
10D; Winsted Municipal; Winsted; MN; USA; 44.949963; -94.06692; 0.5841588; 0.7260071; 2
10G; Holmes County; Millersburg; OH; USA; 40.537167; -81.95436; 0.77490264; 0.59737074; 2
10N; Wallkill; Wallkill; NY; USA; 41.627872; -74.13376; 0.88993746; 0.6736437; 2
10U; Owyhee; Owyhee; NV; USA; 41.95323; -116.1876; 0.24828391; 0.675296; 2
11A; Clayton Municipal; Clayton; AL; USA; 31.883299; -85.48492; 0.74011004; 0.28145188; 2
11D; Clarion Cty; Clarion; PA; USA; 41.22581; -79.44099; 0.8112464; 0.63196945; 2
11IS; Schaumburg Heliport; Chicago/Schaumburg; IL; USA; 42.048084; -88.052574; 0.67742425; 0.6319649; 2
11J; Early County; Blakely; GA; USA; 31.396986; -84.895256; 0.7515849; 0.2664395; 2
11R; Brenham Municipal; Brenham; TX; USA; 30.219; -96.374275; 0.5490559; 0.20577085; 2
12C; Rochelle Municipal; Rochelle; IL; USA; 41.893; -89.07829; 0.6619889; 0.624436; 2
12D; Tower Municipal; Tower; MN; USA; 47.818333; -92.291664; 0.60790294; 0.8274585; 2
12J; Brewton Municipal; Brewton; AL; USA; 31.051264; -87.06797; 0.71407527; 0.24752706; 2
12K; Superior Municipal; Superior; NE; USA; 40.04636; -98.06011; 0.5232885; 0.55326784; 2
12Y; Le Sueur Municipal; Le Sueur; MN; USA; 44.437466; -93.91274; 0.5866572; 0.7080984; 2
13C; Lakeview; Lakeview; MI; USA; 43.452137; -85.2648; 0.7166319; 0.688205; 2
13K; Eureka Municipal; Eureka; KS; USA; 37.85158; -96.291695; 0.55102694; 0.47504908; 2
13N; Trinca; Andover; NJ; USA; 40.966763; -74.78017; 0.8832927; 0.6470989; 2
14J; Carl Folsom; Elba; AL; USA; 31.40989; -86.08884; 0.73059064; 0.26296717; 2
14M; Hollandale Municipal; Hollandale; MS; USA; 33.18262; -90.83066; 0.6450566; 0.31411934; 2
14Y; Todd Field; Long Prairie; MN; USA; 45.898575; -94.87391; 0.5720735; 0.75892645; 2
15F; Haskell Municipal; Haskell; TX; USA; 33.191555; -99.71793; 0.49154037; 0.31245798; 2
15J; Cook County; Adel; GA; USA; 31.137806; -83.45309; 0.7775879; 0.262738; 2
15M; Luka; Luka; MS; USA; 34.772312; -88.16587; 0.6882576; 0.37535226; 2
15Z; McCarthy 2; McCarthy; AK; USA; 61.43706; -142.90373; 0.22639227; 0.14296061; 2
16A; Nunapitchuk; Nunapitchuk; AK; USA; 60.905827; -162.43912; 0.15845928; 0.13419986; 2
16G; Seneca County; Tiffin; OH; USA; 41.094055; -83.2125; 0.75383234; 0.61219794; 2
16J; Dawson Municipal; Dawson; GA; USA; 31.743284; -84.41929; 0.7590589; 0.28022057; 2
16S; Myrtle Creek Municipal; Myrtle Creek; OR; USA; 42.99845; -123.30951; 0.14860308; 0.7561921; 2
17G; Port Bucyrus-Crawford County; Bucyrus; OH; USA; 40.781418; -82.97469; 0.758388; 0.6020988; 2
17J; Donalsonville Municipal; Donalsonville; GA; USA; 31.006945; -84.87761; 0.7528444; 0.25288165; 2
17K; Boise City; Boise City; OK; USA; 36.7743; -102.51044; 0.44849873; 0.4431194; 2
17M; Magee Municipal; Magee; MS; USA; 31.86127; -89.80286; 0.66458595; 0.2694512; 2
17N; Cross Keys; Cross Keys; NJ; USA; 39.705475; -75.033005; 0.88524127; 0.6021342; 2
17Z; Manokotak; Manokotak; AK; USA; 58.988964; -159.04997; 0.16927601; 0.108632505; 2
18A; Franklin County; Canon; GA; USA; 34.340103; -83.133484; 0.77416897; 0.37583435; 2
18I; McCreary County; Pine Knot; KY; USA; 36.69591; -84.3916; 0.7469068; 0.4538527; 2
19A; Jackson County; Jefferson; GA; USA; 34.174026; -83.56067; 0.767414; 0.3683924; 2
19M; C A Moore; Lexington; MS; USA; 33.12546; -90.02556; 0.6590209; 0.3134817; 2
19N; Camden; Berlin; NJ; USA; 39.77842; -74.94781; 0.886222; 0.6051497; 2
19P; Port Protection SPB; Port Protection; AK; USA; 56.328804; -133.61008; 0.26893896; 0.09579569; 2
1A3; Martin Campbell; Copperhill; TN; USA; 35.01619; -84.34631; 0.75195783; 0.39506102; 2
1A5; Macon County; Franklin; NC; USA; 35.222595; -83.419044; 0.76690936; 0.40564603; 2
1A6; Middlesboro-Bell County; Middlesboro; KY; USA; 36.610638; -83.73742; 0.75785035; 0.45314133; 2
1A7; Jackson County; Gainesboro; TN; USA; 36.39728; -85.64164; 0.7270922; 0.4393416; 2
1A9; Autauga County; Prattville; AL; USA; 32.438774; -86.510445; 0.7210375; 0.29772526; 2
1B0; Dexter Regional; Dexter; ME; USA; 45.008396; -69.23977; 0.94331366; 0.8201563; 2
1B1; Columbia Cty; Hudson; NY; USA; 42.2913; -73.71032; 0.8930635; 0.69894826; 2
1B3; Fair Haven; Fair Haven; VT; USA; 43.615345; -73.27456; 0.8929786; 0.7469055; 2
1B9; Mansfield Municipal; Mansfield; MA; USA; 42.000134; -71.19677; 0.9318496; 0.7048916; 2
1C5; Clow; Chicago/Plainfield; IL; USA; 41.695976; -88.129234; 0.67686325; 0.6194158; 2
1D1; Milbank Municipal; Milbank; SD; USA; 45.230537; -96.56596; 0.5474893; 0.73540324; 2
1D2; Canton -Plymouth -  Mettetal; Plymouth; MI; USA; 42.350037; -83.45827; 0.74658763; 0.6552925; 2
1D3; Platte Municipal; Platte; SD; USA; 43.403328; -98.82953; 0.5132532; 0.67222226; 2
1D6; Hector Municipal; Hector; MN; USA; 44.73107; -94.714714; 0.5747069; 0.7180537; 2
1D7; Webster Municipal; Webster; SD; USA; 45.293293; -97.5137; 0.5336488; 0.7378588; 2
1D8; Redfield Municipal; Redfield; SD; USA; 44.862476; -98.52954; 0.51856923; 0.72328484; 2
1F0; Downtown Ardmore; Ardmore; OK; USA; 34.146988; -97.12265; 0.5366054; 0.34424675; 2
1F1; Lake Murray State Park; Overbrook; OK; USA; 34.075096; -97.10668; 0.53686047; 0.3417033; 2
1F4; Madill Municipal; Madill; OK; USA; 34.140404; -96.812035; 0.5419059; 0.3439232; 2
1F9; Bridgeport Municipal; Bridgeport; TX; USA; 33.175335; -97.82839; 0.52416945; 0.31028026; 2
1G0; Wood County; Bowling Green; OH; USA; 41.391; -83.63014; 0.7465933; 0.6211539; 2
1G3; Kent State University; Kent; OH; USA; 41.151863; -81.41658; 0.78125906; 0.62096506; 2
1G4; Grand Canyon West; Peach Springs; AZ; USA; 35.99221; -113.81662; 0.26064324; 0.4560305; 2
1G5; Freedom; Medina; OH; USA; 41.131443; -81.764915; 0.7759777; 0.61887527; 2
1G6; Michael; Cicero; NY; USA; 43.181667; -76.12778; 0.8531853; 0.71595716; 2
1H0; Creve Coeur; St Louis; MO; USA; 38.72752; -90.5083; 0.64390415; 0.51032174; 2
1H2; Effingham County Memorial; Effingham; IL; USA; 39.07045; -88.533516; 0.6749762; 0.52605736; 2
1H3; Linn State Tech. College; Linn; MO; USA; 38.471493; -91.815315; 0.6231799; 0.49947226; 2
1H8; Casey Municipal; Casey; IL; USA; 39.30251; -88.00406; 0.683001; 0.53539604; 2
1I5; Freehold; Freehold; NY; USA; 42.36425; -74.06597; 0.8874293; 0.699342; 2
1I9; Delphi Municipal; Delphi; IN; USA; 40.542812; -86.68167; 0.7014341; 0.58227175; 2
1J0; Tri-County; Bonifay; FL; USA; 30.845778; -85.60139; 0.74043965; 0.24480408; 2
1K2; Lindsay Municipal; Lindsay; OK; USA; 34.850075; -97.58642; 0.5289361; 0.369267; 2
1K4; David J. Perry; Goldsby; OK; USA; 35.155067; -97.47039; 0.53099716; 0.3799901; 2
1K5; Waynoka Municipal; Waynoka; OK; USA; 36.5667; -98.85231; 0.5086111; 0.43077296; 2
1K9; Satanta Municipal; Satanta; KS; USA; 37.45419; -100.99211; 0.47423786; 0.46458703; 2
1L0; St. John the Baptist Parish; Reserve; LA; USA; 30.087208; -90.582664; 0.65301555; 0.20579791; 2
1L1; Lincoln Co; Panaca; NV; USA; 37.787464; -114.42165; 0.25800076; 0.5215678; 2
1L7; Escalante Municipal; Escalante; UT; USA; 37.745327; -111.57017; 0.30349642; 0.50618994; 2
1L9; Parowan; Parowan; UT; USA; 37.859695; -112.816055; 0.2839359; 0.515969; 2
1M1; North Little Rock Municipal; No Lit Rock; AR; USA; 34.83398; -92.25793; 0.61905754; 0.37042153; 2
1M2; Belzoni Municipal; Belzoni; MS; USA; 33.14518; -90.51528; 0.6505432; 0.31331575; 2
1M4; Posey; Haleyville; AL; USA; 34.28035; -87.60044; 0.6987058; 0.35941958; 2
1M5; Portland Municipal; Portland; TN; USA; 36.592876; -86.47691; 0.7129148; 0.44378895; 2
1M7; Fulton; Fulton; KY; USA; 36.525894; -88.91562; 0.67286414; 0.43549705; 2
1MO; Mountain Grove Memorial; Mountain Grove; MO; USA; 37.12072; -92.31125; 0.61629516; 0.45115888; 2
1N2; Spadaro; East Moriches; NY; USA; 40.827877; -72.74871; 0.914753; 0.6546936; 2
1N4; Woodbine Muni; Woodbine; NJ; USA; 39.21915; -74.79476; 0.89118063; 0.58675987; 2
1N7; Blairstown; Blairstown; NJ; USA; 40.971146; -74.997475; 0.8799735; 0.6459938; 2
1N9; Allentown Queen City Muni; Allentown; PA; USA; 40.57028; -75.488304; 0.87431556; 0.6293672; 2
1ND3; Hamry; Kindred; ND; USA; 46.64858; -97.005646; 0.5413699; 0.7851105; 2
1O1; Grandfield Municipal; Grandfield; OK; USA; 34.23759; -98.74201; 0.50902545; 0.34839183; 2
1O2; Lampson; Lakeport; CA; USA; 38.990173; -122.89972; 0.13109449; 0.61731136; 2
1O3; Lodi; Lodi; CA; USA; 38.202415; -121.26842; 0.15187448; 0.57849604; 2
1O4; Thomas Municipal; Thomas; OK; USA; 35.733383; -98.73064; 0.5101199; 0.40121555; 2
1O6; Dunsmuir Municipal-Mott; Dunsmuir; CA; USA; 41.26321; -122.27195; 0.15375745; 0.6899433; 2
1R1; Jena; Jena; LA; USA; 31.671005; -92.15847; 0.6234126; 0.2590775; 2
1R7; Brookhaven-Lincoln County; Brookhaven; MS; USA; 31.605848; -90.40932; 0.6542632; 0.2593649; 2
1R8; Bay Minette Municipal; Bay Minette; AL; USA; 30.870462; -87.81738; 0.7011514; 0.23918062; 2
1S0; Pierce County; Puyallup; WA; USA; 47.103916; -122.28719; 0.18676774; 0.8874454; 2
1S3; Tillitt; Forsyth; MT; USA; 46.271107; -106.623924; 0.40310895; 0.7861923; 2
1S5; Sunnyside Municipal; Sunnyside; WA; USA; 46.327633; -119.9706; 0.21454802; 0.8466942; 2
1S6; Priest River Muni; Priest River; ID; USA; 48.190186; -116.90936; 0.26576686; 0.8926584; 2
1U7; Bear Lake County; Paris; ID; USA; 42.24715; -111.33826; 0.32238862; 0.66222334; 2
1V0; Navajo State Park; Navajo Dam; NM; USA; 36.80834; -107.65144; 0.3642113; 0.457946; 2
1V2; Grant County; Hyannis; NE; USA; 42.00943; -101.76934; 0.46735427; 0.6265465; 2
1V5; Boulder Muni; Boulder; CO; USA; 40.03943; -105.22582; 0.41051927; 0.56432277; 2
1V6; Fremont County; Canon City; CO; USA; 38.428383; -105.1055; 0.40917423; 0.50729144; 2
1V9; Blake; Delta; CO; USA; 38.785397; -108.06366; 0.36272252; 0.5287565; 2
20A; Robbins; Oneonta; AL; USA; 33.97232; -86.379425; 0.7200697; 0.35191953; 2
20M; Macon Municipal; Macon; MS; USA; 33.133457; -88.5356; 0.6847104; 0.3168313; 2
20N; Kingston-Ulster; Kingston; NY; USA; 41.985252; -73.964096; 0.8907645; 0.6869298; 2
20U; Beach; Beach; ND; USA; 46.923626; -103.97854; 0.44215044; 0.8026254; 2
20V; McElroy Airfield; Kremmling; CO; USA; 40.05368; -106.36895; 0.39262235; 0.56795037; 2
21D; Lake Elmo; St Paul; MN; USA; 44.99749; -92.85568; 0.60191035; 0.72847474; 2
21F; Jacksboro Municipal; Jacksboro; TX; USA; 33.228725; -98.14671; 0.51869434; 0.31235677; 2
22B; Mountain Meadow Airstrip; Burlington; CT; USA; 41.772877; -73.011215; 0.90603787; 0.6854346; 2
22I; Vinton County; McArthur; OH; USA; 39.328125; -82.44182; 0.7709554; 0.5531926; 2
22M; Pontotoc County; Pontotoc; MS; USA; 34.27594; -89.0384; 0.67429066; 0.35593003; 2
22N; Carbon Cty-Jake Arner Memorial; Lehighton; PA; USA; 40.80951; -75.7615; 0.8690778; 0.636097; 2
23J; Herlong; Jacksonville; FL; USA; 30.277788; -81.80595; 0.8091702; 0.23976928; 2
23M; Clarke County; Quitman; MS; USA; 32.08487; -88.73894; 0.6828778; 0.2795294; 2
23N; Bayport Aerodrome; Bayport; NY; USA; 40.75843; -73.05372; 0.9104844; 0.6503813; 2
23R; Devine Municipal; Devine; TX; USA; 29.138407; -98.94189; 0.50232613; 0.16926748; 2
24A; Jackson County; Sylva; NC; USA; 35.316864; -83.209366; 0.7701421; 0.4097395; 2
24J; Suwannee County; Live Oak; FL; USA; 30.301056; -83.023186; 0.78751475; 0.2353403; 2
24N; Jicarilla Apache Nation; Dulce; NM; USA; 36.828533; -106.88419; 0.37681663; 0.45613444; 2
25J; Cuthbert-Randolph; Cuthbert; GA; USA; 31.700167; -84.82492; 0.7520772; 0.27727658; 2
25M; Ripley; Ripley; MS; USA; 34.722267; -89.01505; 0.6740008; 0.37170142; 2
25R; International; Edinburg; TX; USA; 26.44201; -98.129456; 0.51583135; 0.074546814; 2
26A; Ashland/Lineville; Ashland/Lineville; AL; USA; 33.287613; -85.80413; 0.7313927; 0.32962358; 2
26N; Ocean City Muni cipal; Ocean City; NJ; USA; 39.263474; -74.607475; 0.8938856; 0.5894072; 2
26R; Jackson County; Edna/Ganado; TX; USA; 29.00101; -96.58195; 0.54517686; 0.16311836; 2
26U; McDermitt State; McDermitt; OR; USA; 42.00211; -117.7232; 0.22552052; 0.6856642; 2
27A; Elbert County-Patz; Elberton; GA; USA; 34.095196; -82.815865; 0.78023547; 0.368515; 2
27D; Myers; Canby; MN; USA; 44.72802; -96.2631; 0.55189025; 0.7177397; 2
27J; Newberry Municipal; Newberry; SC; USA; 34.309277; -81.639725; 0.79943883; 0.38087827; 2
27K; Georgetown-Scott County; Georgetown; KY; USA; 38.234425; -84.434685; 0.7422816; 0.50773615; 2
28J; Kay Larkin; Palatka; FL; USA; 29.658638; -81.68855; 0.8131825; 0.21882957; 2
29D; Grove City; Grove City; PA; USA; 41.145977; -80.165924; 0.8004454; 0.6259748; 2
29G; Portage County; Ravenna; OH; USA; 41.210194; -81.25163; 0.7836003; 0.6236642; 2
29S; Gardiner; Gardiner; MT; USA; 45.049934; -110.7466; 0.3403575; 0.7572557; 2
2A0; Mark Anton; Dayton; TN; USA; 35.486248; -84.9311; 0.7410135; 0.40957803; 2
2A1; Jamestown Municipal; Jamestown; TN; USA; 36.34971; -84.94665; 0.73865294; 0.43985283; 2
2A3; Larsen Bay; Larsen Bay; AK; USA; 57.535107; -153.97842; 0.18820152; 0.08953935; 2
2A9; Kotlik; Kotlik; AK; USA; 63.031162; -163.52992; 0.1568689; 0.16095543; 2
2AK; Lime Village; Lime Village; AK; USA; 61.358486; -155.44035; 0.18311396; 0.1366821; 2
2B3; Parlin; Newport; NH; USA; 43.38813; -72.189255; 0.9099287; 0.74580026; 2
2B7; Pittsfield Municipal; Pittsfield; ME; USA; 44.768528; -69.37442; 0.94279563; 0.8111434; 2
2B9; Post Mills; Post Mills; VT; USA; 43.884235; -72.2537; 0.9064294; 0.7623125; 2
2D1; Barber; Alliance; OH; USA; 40.97089; -81.099815; 0.78670925; 0.6159309; 2
2D5; Oakes Municipal; Oakes; ND; USA; 46.17302; -98.07987; 0.5257766; 0.7689178; 2
2F5; Lamesa Municipal; Lamesa; TX; USA; 32.75628; -101.91947; 0.45298222; 0.3003909; 2
2F6; Skiatook Municipal; Skiatook; OK; USA; 36.357037; -96.01138; 0.55557865; 0.4221642; 2
2F7; Commerce Municipal; Commerce; TX; USA; 33.29289; -95.896416; 0.55755496; 0.31391567; 2
2F8; Morehouse Memorial; Bastrop; LA; USA; 32.75608; -91.88057; 0.6273209; 0.29760075; 2
2G2; Jefferson County Airpark; Steubenville; OH; USA; 40.359444; -80.70008; 0.79490656; 0.59626114; 2
2G3; Connellsville; Connellsville; PA; USA; 39.958935; -79.657135; 0.81248933; 0.58688354; 2
2G4; Garrett County; Oakland; MD; USA; 39.580276; -79.33942; 0.81881464; 0.57515883; 2
2G9; Somerset County; Somerset; PA; USA; 40.039112; -79.01456; 0.82217866; 0.5926561; 2
2H0; Shelby County; Shelbyville; IL; USA; 39.410427; -88.845436; 0.6694694; 0.53740335; 2
2H2; Aurora Memorial Municipal; Aurora; MO; USA; 36.962307; -93.69531; 0.5936708; 0.44434917; 2
2I0; Madisonville Municipal; Madisonville; KY; USA; 37.355026; -87.399635; 0.69628674; 0.4681933; 2
2I5; Chanute; Rantoul; IL; USA; 40.293556; -88.142365; 0.6790887; 0.57001233; 2
2IS; Airglades; Clewiston; FL; USA; 26.74201; -81.04979; 0.8340451; 0.12119824; 2
2J2; Liberty County; Hinesville; GA; USA; 31.78461; -81.64117; 0.80736166; 0.2928697; 2
2J3; Louisville Municipal; Louisville; GA; USA; 32.98654; -82.38568; 0.79082274; 0.33153933; 2
2J5; Millen; Millen; GA; USA; 32.89377; -81.96512; 0.7983174; 0.33008456; 2
2J9; Quincy Municipal; Quincy; FL; USA; 30.59786; -84.55742; 0.7595147; 0.2397492; 2
2K3; Stanton County Municipal; Johnson; KS; USA; 37.58271; -101.73281; 0.46231732; 0.47027636; 2
2K4; Scott; Mangum; OK; USA; 34.891727; -99.52676; 0.49616218; 0.37222564; 2
2K5; Telida; Telida; AK; USA; 63.39387; -153.26897; 0.19049357; 0.16165036; 2
2M0; Princeton-Caldwell County; Princeton; KY; USA; 37.115604; -87.85557; 0.68928623; 0.45864743; 2
2M2; Lawrenceburg Municipal; Lawrenceburg; TN; USA; 35.234303; -87.257935; 0.702682; 0.3938656; 2
2M3; Sallisaw Municipal; Sallisaw; OK; USA; 35.438168; -94.80278; 0.57586133; 0.38988674; 2
2M4; G. V. Montgomery; Forest; MS; USA; 32.353477; -89.48868; 0.6693905; 0.28736383; 2
2M8; Charles W. Baker; Millington; TN; USA; 35.278976; -89.93147; 0.6577667; 0.3895377; 2
2O1; Gansner; Quincy; CA; USA; 39.94378; -120.9469; 0.16637538; 0.63569486; 2
2O3; Angwin-Parrett; Angwin; CA; USA; 38.578518; -122.43526; 0.13586327; 0.5998385; 2
2O6; Chowchilla; Chowchilla; CA; USA; 37.112446; -120.24684; 0.16206706; 0.53400636; 2
2O7; Independence; Independence; CA; USA; 36.81382; -118.20509; 0.19313443; 0.5100597; 2
2O8; Hinton Municipal; Hinton; OK; USA; 35.505924; -98.34236; 0.5164918; 0.3928845; 2
2P2; Washington Island; Washington Island; WI; USA; 45.386208; -86.924484; 0.6880018; 0.7514699; 2
2Q3; Yolo Co-Davis/Woodland/Winters; Davis/Woodland/Winters; CA; USA; 38.57907; -121.85663; 0.14482689; 0.5955939; 2
2R0; Waynesboro Municipal; Waynesboro; MS; USA; 31.645994; -88.63476; 0.6854072; 0.26436472; 2
2R4; Peter Prince; Milton; FL; USA; 30.63762; -86.99365; 0.71620417; 0.23326874; 2
2R5; St Elmo; St Elmo; AL; USA; 30.50191; -88.275116; 0.6936605; 0.22513092; 2
2R9; Karnes County; Kenedy; TX; USA; 28.825008; -97.865585; 0.521747; 0.15746814; 2
2S1; Vashon Municipal; Vashon; WA; USA; 47.458153; -122.47735; 0.1861809; 0.9005605; 2
2S6; Sportsman Airpark; Newberg; OR; USA; 45.295673; -122.955376; 0.16714334; 0.8311748; 2
2S7; Chiloquin State; Chiloquin; OR; USA; 42.58319; -121.87613; 0.16709322; 0.7320081; 2
2S8; Wilbur; Wilbur; WA; USA; 47.75321; -118.7439; 0.23865525; 0.8877485; 2
2T1; Muleshoe Municipal; Muleshoe; TX; USA; 34.185135; -102.6411; 0.44255897; 0.3520732; 2
2V1; Stevens; Pagosa Springs; CO; USA; 37.277504; -107.05588; 0.37510014; 0.47245967; 2
2V2; Vance Brand; Longmont; CO; USA; 40.16367; -105.16304; 0.41175547; 0.5685338; 2
2V5; Wray Municipal; Wray; CO; USA; 40.100323; -102.24096; 0.45751193; 0.56002253; 2
2V6; Yuma Municipal; Yuma; CO; USA; 40.104153; -102.71299; 0.45009813; 0.5610113; 2
2W5; Maryland; Indian Head; MD; USA; 38.600536; -77.07297; 0.85822034; 0.5524718; 2
2W6; Captain Walter Francis Duke Regional; Leonardtown; MD; USA; 38.31536; -76.55011; 0.86767644; 0.5454359; 2
2Y3; Yakutat SPB; Yakutat; AK; USA; 59.562477; -139.7411; 0.24006842; 0.12392074; 2
2Y4; Rockwell City Municipal; Rockwell City; IA; USA; 42.38748; -94.618034; 0.5768428; 0.6356164; 2
31F; Gaines County; Seminole; TX; USA; 32.675354; -102.65269; 0.4401521; 0.29896516; 2
32M; Norfolk; Norfolk; MA; USA; 42.127876; -71.37034; 0.92859215; 0.7080946; 2
32S; Stevensville; Stevensville; MT; USA; 46.525112; -114.0528; 0.2983743; 0.82200336; 2
33J; Geneva Municipal; Geneva; AL; USA; 31.055277; -85.88033; 0.7350406; 0.2512231; 2
33M; Water Valley; Water Valley; MS; USA; 34.166775; -89.686195; 0.6634306; 0.35078537; 2
33N; Delaware Airpark; Dover; DE; USA; 39.218376; -75.59643; 0.8787032; 0.5820526; 2
33S; Pru; Ritzville; WA; USA; 47.12487; -118.39275; 0.2404298; 0.8645135; 2
34A; Laurens County; Laurens; SC; USA; 34.507057; -81.9472; 0.7936496; 0.38647234; 2
35A; Union County, Troy Shelton; Union; SC; USA; 34.686802; -81.64121; 0.7982233; 0.39405435; 2
35D; Padgham; Allegan; MI; USA; 42.530983; -85.825134; 0.71032554; 0.65437853; 2
35S; Wasco State; Wasco; OR; USA; 45.589443; -120.674164; 0.20082217; 0.8260489; 2
36K; Lakin; Lakin; KS; USA; 37.969463; -101.25545; 0.4705391; 0.483181; 2
36S; Happy Camp; Happy Camp; CA; USA; 41.79068; -123.38895; 0.14027087; 0.71592885; 2
36U; Heber City Municipal/Russ McDonald; Heber; UT; USA; 40.481804; -111.4288; 0.3150462; 0.6010784; 2
37T; Calico Rock-Izard County; Calico Rock; AR; USA; 36.165653; -92.14523; 0.61983025; 0.41758585; 2
37W; Harnett County; Erwin; NC; USA; 35.3788; -78.73363; 0.8442035; 0.43186378; 2
38A; Shaktoolik; Shaktoolik; AK; USA; 64.36263; -161.20253; 0.16551596; 0.1755966; 2
38S; Deer Lodge-City-County; Deer Lodge; MT; USA; 46.388817; -112.76698; 0.31601351; 0.8116518; 2
38U; Wayne Wonderland; Loa; UT; USA; 38.36248; -111.596016; 0.3051973; 0.5278481; 2
39N; Princeton; Princeton; NJ; USA; 40.39835; -74.6576; 0.88780594; 0.62822986; 2
3A0; Grove Hill Municipal; Grove Hill; AL; USA; 31.689323; -87.76139; 0.7006651; 0.26801056; 2
3A1; Folsom; Cullman; AL; USA; 34.268707; -86.85834; 0.7113205; 0.3609748; 2
3A2; New Tazewell Municipal; Tazewell; TN; USA; 36.410084; -83.55546; 0.7613813; 0.4467653; 2
3A3; Anson County; Wadesboro; NC; USA; 35.023975; -80.081276; 0.82315105; 0.41287065; 2
3AU; Augusta Municipal; Augusta; KS; USA; 37.671627; -97.07787; 0.538208; 0.46883762; 2
3B0; Southbridge Municipal; Southbridge; MA; USA; 42.10093; -72.03841; 0.9188383; 0.7028147; 2
3B1; Greenville Municipal; Greenville; ME; USA; 45.463028; -69.55161; 0.93631786; 0.8333521; 2
3B2; Marshfield; Marshfield; MA; USA; 42.09824; -70.67212; 0.9390767; 0.711767; 2
3B9; Chester; Chester; CT; USA; 41.383904; -72.5059; 0.91557485; 0.67529213; 2
3BS; Jack Barstow; Midland; MI; USA; 43.662914; -84.26132; 0.73105335; 0.69856364; 2
3CK; Lake In The Hills; Lake In The Hills; IL; USA; 42.206802; -88.323044; 0.6730252; 0.6369728; 2
3CM; James Clements Municipal; Bay City; MI; USA; 43.546917; -83.8955; 0.7367945; 0.6956693; 2
3CU; Cable Union; Cable; WI; USA; 46.19425; -91.24641; 0.62426686; 0.7719953; 2
3D2; Ephraim/Gibraltar; Ephraim; WI; USA; 45.135357; -87.18587; 0.6846875; 0.74210864; 2
3D4; Frankfort Dow Memorial; Frankfort; MI; USA; 44.625065; -86.20062; 0.70014304; 0.7266739; 2
3F3; De Soto Parish; Mansfield; LA; USA; 32.07346; -93.76552; 0.59492373; 0.2717144; 2
3F4; Vivian; Vivian; LA; USA; 32.861332; -94.010155; 0.5902928; 0.29930568; 2
3F7; Jones Memorial; Bristow; OK; USA; 35.806854; -96.42185; 0.54872125; 0.40273416; 2
3FM; Fremont Municipal; Fremont; MI; USA; 43.438904; -85.99478; 0.7057643; 0.6857295; 2
3FU; Faulkton Municipal; Faulkton; SD; USA; 45.031918; -99.11566; 0.51006836; 0.7296586; 2
3G3; Wadsworth Municipal; Wadsworth; OH; USA; 41.001583; -81.755135; 0.77653426; 0.6143774; 2
3G4; Ashland County; Ashland; OH; USA; 40.902973; -82.25564; 0.76913035; 0.60900414; 2
3G7; Williamson/Sodus; Williamson; NY; USA; 43.234722; -77.12097; 0.8383032; 0.7126788; 2
3GM; Grand Haven Memorial Airpark; Grand Haven; MI; USA; 43.034046; -86.198166; 0.70359683; 0.6710113; 2
3I2; Mason County; Point Pleasant; WV; USA; 38.91464; -82.09859; 0.7776292; 0.5400487; 2
3I7; Phillipsburg; Phillipsburg; OH; USA; 39.91344; -84.40031; 0.73854405; 0.5668005; 2
3J1; Ridgeland; Ridgeland; SC; USA; 32.492687; -80.99233; 0.81631213; 0.32045382; 2
3J7; Greene County Airpark; Greensboro; GA; USA; 33.597668; -83.139; 0.7761733; 0.34984374; 2
3JC; Freeman; Junction City; KS; USA; 39.043274; -96.843285; 0.5422849; 0.5172993; 2
3K3; Syracuse-Hamilton County Municipal; Syracuse; KS; USA; 37.99168; -101.746284; 0.46261665; 0.48474216; 2
3K6; St Louis-Metro East; Troy/Marine/St. Louis; IL; USA; 38.73291; -89.806564; 0.6551439; 0.511679; 2
3K7; Mark Hoard Memorial; Leoti; KS; USA; 38.456963; -101.35322; 0.46953124; 0.5005511; 2
3LC; Logan County; Lincoln; IL; USA; 40.158474; -89.33497; 0.6606033; 0.5628375; 2
3LF; Litchfield Municipal; Litchfield; IL; USA; 39.16635; -89.6749; 0.6566487; 0.5272131; 2
3M7; Lafayette Municipal; Lafayette; TN; USA; 36.518375; -86.05828; 0.7199615; 0.44236058; 2
3M8; North Pickens; Reform; AL; USA; 33.389008; -88.00558; 0.69339603; 0.3270679; 2
3M9; Warren Municipal; Warren; AR; USA; 33.560444; -92.08539; 0.62307245; 0.3256899; 2
3MY; Mt. Hawley Auxiliary; Peoria; IL; USA; 40.795258; -89.6134; 0.65533406; 0.5847872; 2
3N6; Old Bridge; Old Bridge; NJ; USA; 40.329887; -74.34679; 0.8928824; 0.62771595; 2
3N8; Mahnomen County; Mahnomen; MN; USA; 47.25996; -95.9281; 0.55678725; 0.80630827; 2
3ND0; Northwood Municipal; Northwood; ND; USA; 47.72423; -97.59042; 0.53337055; 0.822787; 2
3O1; Gustine; Gustine; CA; USA; 37.26272; -120.96326; 0.15151803; 0.5442155; 2
3O3; Municipal; Purcell; OK; USA; 34.979794; -97.385864; 0.5323675; 0.3737607; 2
3O4; Sayre Municipal; Sayre; OK; USA; 35.167553; -99.657875; 0.49416974; 0.38210672; 2
3O5; Walters Municipal; Walters; OK; USA; 34.372585; -98.40588; 0.5148256; 0.35289592; 2
3O7; Hollister Municipal; Hollister; CA; USA; 36.893345; -121.41027; 0.14240313; 0.53484535; 2
3O9; Grand Lake Regional; Afton; OK; USA; 36.577576; -94.8619; 0.5745829; 0.43015468; 2
3R0; Beeville Municipal; Beeville; TX; USA; 28.364555; -97.79208; 0.52290714; 0.1413284; 2
3R1; Bay City Municipal; Bay City; TX; USA; 28.973255; -95.86346; 0.55825317; 0.16209537; 2
3R2; Le Gros Memorial; Crowley; LA; USA; 30.161736; -92.48396; 0.61884725; 0.20570642; 2
3R4; Hart; Many; LA; USA; 31.544897; -93.48645; 0.60010475; 0.2533241; 2
3R7; Jennings; Jennings; LA; USA; 30.242693; -92.67345; 0.61539024; 0.20833921; 2
3S4; Illinois Valley; Illinois Valley (Cave Junction); OR; USA; 42.103725; -123.68229; 0.13782841; 0.72868395; 2
3S8; Grants Pass; Grants Pass; OR; USA; 42.510117; -123.38799; 0.1445638; 0.74025685; 2
3S9; Condon State-Pauling; Condon; OR; USA; 45.246517; -120.16642; 0.20617321; 0.8112531; 2
3SG; Harry W Browne; Saginaw - H.Browne; MI; USA; 43.43341; -83.86246; 0.7375878; 0.69181246; 2
3SQ; St Charles; St Charles; MO; USA; 38.84866; -90.50012; 0.6438883; 0.5146131; 2
3T3; Boyceville Municipal; Boyceville; WI; USA; 45.042187; -92.02935; 0.6139916; 0.73080647; 2
3T5; Fayette Regional Air Center; La Grange; TX; USA; 29.909306; -96.9505; 0.53865874; 0.19502878; 2
3TR; Jerry Tyler Memorial; Niles; MI; USA; 41.835907; -86.225174; 0.705764; 0.62891203; 2
3U3; Bowman; Anaconda; MT; USA; 46.153133; -112.86784; 0.31372365; 0.8039723; 2
3U7; Benchmark; Benchmark; MT; USA; 47.48133; -112.86977; 0.31855074; 0.8496012; 2
3U8; Big Sandy; Big Sandy; MT; USA; 48.16248; -110.113266; 0.3590768; 0.8623662; 2
3V4; Fort Morgan Municipal; Fort Morgan; CO; USA; 40.334232; -103.80395; 0.43335685; 0.5713283; 2
3WO; Shawano Municipal; Shawano; WI; USA; 44.787777; -88.56152; 0.6651769; 0.72704965; 2
3Y2; George L Scott Municipal; West Union; IA; USA; 42.98509; -91.7906; 0.61938995; 0.65880007; 2
3Y3; Winterset Madison County; Winterset; IA; USA; 41.362766; -94.021065; 0.58639234; 0.59973085; 2
3Z9; Haines SPB; Haines; AK; USA; 59.23495; -135.44072; 0.2560349; 0.12655461; 2
40J; Perry-Foley; Perry; FL; USA; 30.069279; -83.58058; 0.7782471; 0.2250346; 2
40N; Chester Cty-G O Carlson; Coatesville; PA; USA; 39.978973; -75.86547; 0.87115407; 0.6068195; 2
40U; Manila; Manila; UT; USA; 40.98607; -109.67848; 0.3436699; 0.61166096; 2
41U; Manti-Ephraim; Manti; UT; USA; 39.32913; -111.61464; 0.3082185; 0.5616673; 2
42A; Melbourne Municipal; Melbourne; AR; USA; 36.070793; -91.82915; 0.6251674; 0.4146083; 2
42C; White Cloud; White Cloud; MI; USA; 43.559742; -85.774216; 0.7087873; 0.69055176; 2
42J; Keystone Airpark; Keystone Heights; FL; USA; 29.84475; -82.04753; 0.80620664; 0.22366524; 2
42S; Poplar; Poplar; MT; USA; 48.11596; -105.18219; 0.42743483; 0.84654534; 2
43A; Montgomery County; Star; NC; USA; 35.388195; -79.792816; 0.8266537; 0.42693686; 2
44B; Dover/Foxcroft; Dover-Foxcroft; ME; USA; 45.183388; -69.23283; 0.9423997; 0.8261001; 2
44N; Sky Acres; Millbrook; NY; USA; 41.707428; -73.73803; 0.8954885; 0.678742; 2
45J; Rockingham-Hamlet; Rockingham; NC; USA; 34.89107; -79.759056; 0.8289847; 0.40978616; 2
45OH; North Bass Island; North Bass Island; OH; USA; 41.719326; -82.82197; 0.75803274; 0.63545907; 2
45R; Kountz - Hawthorne; Kountze/Silsbee; TX; USA; 30.336338; -94.257545; 0.5869669; 0.21034873; 2
46A; Blairsville; Blairsville; GA; USA; 34.855087; -83.99686; 0.75823545; 0.3906479; 2
46D; Carrington Municipal; Carrington; ND; USA; 47.45111; -99.15111; 0.5112116; 0.814211; 2
46N; Sky Park; Red Hook; NY; USA; 41.984585; -73.83597; 0.8926803; 0.68767035; 2
47A; Cherokee County; Canton; GA; USA; 34.310585; -84.42392; 0.7524543; 0.37005; 2
47J; Cheraw Municipal; Cheraw; SC; USA; 34.71258; -79.95795; 0.8262993; 0.40261167; 2
47N; Central Jersey Regional; Manville; NJ; USA; 40.524384; -74.59839; 0.8881215; 0.63292146; 2
47V; Curtis Municipal; Curtis; NE; USA; 40.63751; -100.47125; 0.48587868; 0.5763428; 2
48A; Cochran; Cochran; GA; USA; 32.39936; -83.27592; 0.7771863; 0.3074394; 2
48D; Clare Municipal; Clare; MI; USA; 43.831112; -84.74133; 0.72350514; 0.70297796; 2
48I; Braxton County; Sutton; WV; USA; 38.687046; -80.651764; 0.8012965; 0.53808916; 2
48K; Ness City Municipal; Ness City; KS; USA; 38.471104; -99.908066; 0.49280813; 0.4991386; 2
48S; Harlem; Harlem; MT; USA; 48.566666; -108.772934; 0.37875247; 0.8718082; 2
48V; Tri-County; Erie; CO; USA; 40.010223; -105.04797; 0.41325244; 0.56284106; 2
49A; Gilmer County; Ellijay; GA; USA; 34.627865; -84.524925; 0.74994576; 0.38082385; 2
49T; Downtown Heliport; Dallas; TX; USA; 32.773335; -96.80028; 0.5418657; 0.29569304; 2
49X; Chemehuevi Valley; Chemehuevi Valley; CA; USA; 34.52751; -114.43107; 0.24467304; 0.4085042; 2
49Y; Fillmore County; Preston; MN; USA; 43.67676; -92.17973; 0.6129312; 0.6827166; 2
4A2; Atmautluak; Atmautluak; AK; USA; 60.866745; -162.27313; 0.15900406; 0.1335988; 2
4A4; Cornelius-Moore; Cedartown; GA; USA; 34.018696; -85.14647; 0.74092937; 0.35736847; 2
4A5; Marshall-Searcy County; Marshall; AR; USA; 35.898937; -92.65588; 0.61154425; 0.4076181; 2
4A6; Scottsboro Municipal; Scottsboro; AL; USA; 34.688972; -86.00581; 0.72485155; 0.37819803; 2
4A7; Clayton County; Hampton; GA; USA; 33.38911; -84.33236; 0.7563647; 0.33809096; 2
4A9; Isbell; Fort Payne; AL; USA; 34.472893; -85.72221; 0.73011965; 0.37147242; 2
4B0; South Albany; South Bethlehem; NY; USA; 42.560726; -73.833954; 0.88992417; 0.7074548; 2
4B1; Duanesburg; Duanesburg; NY; USA; 42.758408; -74.132904; 0.88455504; 0.71248; 2
4B6; Ticonderoga Muni; Ticonderoga; NY; USA; 43.877003; -73.41318; 0.889675; 0.7550263; 2
4B7; Schroon Lake; Schroon Lake; NY; USA; 43.86256; -73.74263; 0.8849646; 0.75259495; 2
4B8; Robertson; Plainville; CT; USA; 41.690376; -72.86482; 0.90864074; 0.68352056; 2
4B9; Simsbury Tri-Town; Simsbury; CT; USA; 41.916763; -72.77732; 0.90880215; 0.69182265; 2
4C8; Albia Municipal; Albia; IA; USA; 40.994453; -92.76297; 0.60611856; 0.5876293; 2
4D0; Abrams Municipal; Grandledge; MI; USA; 42.7742; -84.7331; 0.72623825; 0.6660463; 2
4D9; Alma Municipal; Alma; NE; USA; 40.1139; -99.34565; 0.5030776; 0.55662584; 2
4F2; Panola County-Sharpe; Carthage; TX; USA; 32.176083; -94.298805; 0.58554137; 0.27500135; 2
4F4; Gilmer-Upshur County; Gilmer; TX; USA; 32.699; -94.94886; 0.574044; 0.29314488; 2
4G1; Greenville Muni; Greenville; PA; USA; 41.44683; -80.39126; 0.7959644; 0.63548625; 2
4G2; Hamburg Inc.; Hamburg; NY; USA; 42.700893; -78.91476; 0.8137584; 0.6856052; 2
4G5; Monroe County; Woodsfield; OH; USA; 39.779045; -81.102776; 0.7905649; 0.57430625; 2
4G6; Hornell Muni; Hornell; NY; USA; 42.382145; -77.68211; 0.8334254; 0.6804161; 2
4G7; Fairmont Muni; Fairmont; WV; USA; 39.448166; -80.16703; 0.80633175; 0.56678474; 2
4I0; Mingo County; Williamson; WV; USA; 37.687603; -82.26097; 0.7787654; 0.4964533; 2
4I3; Knox County; Mount Vernon; OH; USA; 40.328724; -82.52378; 0.76669735; 0.58790815; 2
4I7; Putnam County; Greencastle; IN; USA; 39.633595; -86.813835; 0.7012148; 0.5499369; 2
4I9; Morrow County; Mt. Gilead; OH; USA; 40.52453; -82.85005; 0.76105726; 0.5935571; 2
4J1; Brantley County; Nahunta; GA; USA; 31.212725; -81.90539; 0.8045294; 0.27180535; 2
4J2; Berrien County; Nashville; GA; USA; 31.212555; -83.22628; 0.78136486; 0.26624262; 2
4J5; Quitman-Brooks County; Quitman; GA; USA; 30.805752; -83.58655; 0.77614343; 0.25064576; 2
4J6; St Marys; St Marys; GA; USA; 30.75468; -81.55732; 0.8120713; 0.2574482; 2
4K0; Pedro Bay; Pedro Bay; AK; USA; 59.789608; -154.12384; 0.1876659; 0.11727935; 2
4K5; Ouzinkie; Ouzinkie; AK; USA; 57.922874; -152.5005; 0.19389263; 0.09441787; 2
4K6; Bloomfield Municipal; Bloomfield; IA; USA; 40.732105; -92.42827; 0.611529; 0.5786805; 2
4KA; Tununak; Tununak; AK; USA; 60.575596; -165.27313; 0.1481758; 0.13268244; 2
4M1; Carroll County; Berryville; AR; USA; 36.383404; -93.61686; 0.5952654; 0.4239316; 2
4M3; Carlisle Municipal; Carlisle; AR; USA; 34.80823; -91.71205; 0.62830853; 0.37017006; 2
4M4; Clinton Municipal; Clinton; AR; USA; 35.597855; -92.45183; 0.615182; 0.39718837; 2
4M7; Russellville-Logan County; Russellville; KY; USA; 36.799915; -86.810165; 0.70701367; 0.45016587; 2
4M8; Clarendon Municipal; Clarendon; AR; USA; 34.64871; -91.39457; 0.63383734; 0.36496454; 2
4M9; Corning Municipal; Corning; AR; USA; 36.404232; -90.64793; 0.6444099; 0.42804193; 2
4N1; Greenwood Lake; West Milford; NJ; USA; 41.128548; -74.34585; 0.8891154; 0.655215; 2
4O3; Blackwell-Tonkawa Municipal; Blackwell-Tonkawa; OK; USA; 36.745117; -97.3496; 0.5335055; 0.43615764; 2
4O4; McCurtain County Regional; Idabel; OK; USA; 33.909325; -94.85835; 0.57531345; 0.33586353; 2
4O5; Cherokee Municipal; Cherokee; OK; USA; 36.783363; -98.35035; 0.51702046; 0.43805182; 2
4PH; Polacca; Polacca; AZ; USA; 35.79167; -110.42346; 0.3157297; 0.43293428; 2
4R1; I H Bass Jr Memorial; Lumberton; MS; USA; 31.015461; -89.48257; 0.6714106; 0.2404061; 2
4R3; Jackson Municipal; Jackson; AL; USA; 31.472109; -87.89472; 0.69871193; 0.26005656; 2
4R4; Fairhope Municipal; Fairhope; AL; USA; 30.462112; -87.87802; 0.70080274; 0.22473496; 2
4R5; Madeline Island; La Pointe; WI; USA; 46.788654; -90.75867; 0.6306095; 0.79335177; 2
4R7; Eunice; Eunice; LA; USA; 30.466284; -92.4238; 0.6196876; 0.2164557; 2
4R9; Dauphin Island; Dauphin Island; AL; USA; 30.26048; -88.1275; 0.6967055; 0.21704978; 2
4S1; Gold Beach Muni; Gold Beach; OR; USA; 42.413445; -124.42427; 0.128867; 0.7446961; 2
4S2; Hood River; Hood River; OR; USA; 45.67262; -121.53646; 0.18917122; 0.8343789; 2
4S3; Joseph State; Joseph; OR; USA; 45.357098; -117.25323; 0.24807142; 0.79803693; 2
4S9; Portland-Mulino; Mulino (Portland); OR; USA; 45.216324; -122.59008; 0.1718151; 0.8259996; 2
4SD; Reno/Stead; Reno; NV; USA; 39.66738; -119.87542; 0.18129729; 0.61898255; 2
4T6; Mid-Way; Midlothian-Waxahachie; TX; USA; 32.456097; -96.91241; 0.53985417; 0.284544; 2
4U3; Liberty County; Chester; MT; USA; 48.510723; -110.99087; 0.3480706; 0.8774566; 2
4U6; Circle Town County; Circle; MT; USA; 47.41862; -105.56194; 0.42069995; 0.82329774; 2
4V0; Rangely; Rangely; CO; USA; 40.0947; -108.761215; 0.35530257; 0.57710475; 2
4V1; Johnson; Walsenburg; CO; USA; 37.6964; -104.783875; 0.41291937; 0.48068202; 2
4V9; Antelope County; Neligh; NE; USA; 42.11223; -98.03868; 0.5245548; 0.62621295; 2
4W1; Elizabethtown Municipal; Elizabethtown; NC; USA; 34.601837; -78.579735; 0.8497139; 0.40565932; 2
4Z4; Holy Cross; Holy Cross; AK; USA; 62.188297; -159.77495; 0.16860616; 0.1482333; 2
4Z7; Hyder SPB; Hyder; AK; USA; 55.90332; -130.0067; 0.28374022; 0.098929405; 2
50I; Kentland Municipal; Kentland; IN; USA; 40.75873; -87.42822; 0.6893892; 0.58801955; 2
50J; Berkeley County; Moncks Corner; SC; USA; 33.186054; -80.03564; 0.8303454; 0.34911227; 2
50K; Pawnee City Municipal; Pawnee City; NE; USA; 40.11611; -96.19445; 0.5527045; 0.55514586; 2
50R; Lockhart Municipal; Lockhart; TX; USA; 29.850334; -97.67242; 0.525644; 0.19326341; 2
51D; Edgeley Municipal; Edgeley; ND; USA; 46.348583; -98.73556; 0.51642907; 0.77545667; 2
51Z; Minto (New); Minto; AK; USA; 65.14371; -149.36996; 0.20226723; 0.18394274; 2
52A; Madison Municipal; Madison; GA; USA; 33.612125; -83.46044; 0.7706571; 0.34910846; 2
52E; Timberon; Timberon; NM; USA; 32.63389; -105.686386; 0.3874959; 0.30514747; 2
52J; Lee County; Bishopville; SC; USA; 34.2446; -80.2373; 0.8232508; 0.38498032; 2
53A; Dr. C.P. Savage, Sr.; Montezuma; GA; USA; 32.302; -84.00747; 0.7647818; 0.30124617; 2
53K; Osage City Municipal; Osage City; KS; USA; 38.633343; -95.8086; 0.5588449; 0.5027014; 2
54J; Defuniak Springs; Defuniak Springs; FL; USA; 30.7313; -86.15161; 0.73095083; 0.2390492; 2
55D; Grayling Army Airfield; Grayling; MI; USA; 44.68032; -84.72887; 0.7215954; 0.73265123; 2
55J; Fernandina Beach Municipal; Fernandina Beach; FL; USA; 30.6117; -81.46234; 0.8141976; 0.252918; 2
55S; Packwood; Packwood; WA; USA; 46.604; -121.677864; 0.19234766; 0.86669177; 2
56D; Wyandot County; Upper Sandusky; OH; USA; 40.88336; -83.31453; 0.752849; 0.60446346; 2
56M; Warsaw Municipal; Warsaw; MO; USA; 38.34689; -93.34543; 0.5986122; 0.4935702; 2
56S; Seaside Municipal; Seaside; OR; USA; 46.0165; -123.90542; 0.15816905; 0.86199987; 2
57B; Islesboro; Islesboro; ME; USA; 44.302856; -68.91058; 0.952084; 0.7986584; 2
57C; East Troy Municipal; East Troy; WI; USA; 42.79711; -88.3725; 0.6712815; 0.6576184; 2
59B; Newton; Jackman; ME; USA; 45.631992; -70.24729; 0.925618; 0.83441985; 2
5A4; Okolona Mun.-Richard M. Stovall; Okolona; MS; USA; 34.015804; -88.72619; 0.6800125; 0.3474431; 2
5A6; Winona-Montgomery County; Winona; MS; USA; 33.4654; -89.72925; 0.6636657; 0.32600224; 2
5A8; Aleknagik; Aleknagik; AK; USA; 59.282562; -158.61768; 0.17103511; 0.11203915; 2
5A9; Roosevelt Memorial; Warm Springs; GA; USA; 32.933464; -84.68882; 0.75139743; 0.3208866; 2
5B2; Saratoga Cty; Saratoga Springs; NY; USA; 43.05126; -73.86119; 0.8871537; 0.72411525; 2
5B3; Danielson; Danielson; CT; USA; 41.81974; -71.90096; 0.92235273; 0.6940967; 2
5B7; Rensselaer Air Park; Troy; NY; USA; 42.69091; -73.57956; 0.893052; 0.7134337; 2
5CD; Chandalar Shelf; Chandalar Camp; AK; USA; 68.06544; -149.57974; 0.2002189; 0.21948373; 2
5D3; Owosso Community; Owosso; MI; USA; 42.992973; -84.138916; 0.73461366; 0.6755396; 2
5F1; Post-Garza County Municipal; Post; TX; USA; 33.203705; -101.340416; 0.4635513; 0.3151371; 2
5F4; Homer Municipal; Homer; LA; USA; 32.78851; -93.00366; 0.6077994; 0.29751205; 2
5G0; Leroy; Le Roy; NY; USA; 42.981365; -77.937515; 0.82723415; 0.6999101; 2
5G7; Bluffton; Bluffton; OH; USA; 40.885445; -83.86864; 0.7442827; 0.6026416; 2
5G8; Pittsburgh Boquet Airpark; Jeanette; PA; USA; 40.376457; -79.608376; 0.8117449; 0.60164785; 2
5G9; Toledo Suburban; Lambertville; MI; USA; 41.735878; -83.65541; 0.74527013; 0.6331425; 2
5HO; Hope; Hope; AK; USA; 60.904152; -149.62384; 0.20352803; 0.13185453; 2
5I4; Sheridan; Sheridan; IN; USA; 40.177925; -86.2173; 0.70945436; 0.57067126; 2
5J0; John Day State; John Day; OR; USA; 44.404167; -118.9625; 0.21904387; 0.7752633; 2
5J9; Twin City; Loris; SC; USA; 34.08848; -78.864624; 0.8468879; 0.38635057; 2
5K2; Tribune Municipal; Tribune; KS; USA; 38.45418; -101.746284; 0.46320313; 0.5010761; 2
5M0; Rountree; Hartselle; AL; USA; 34.408234; -86.93295; 0.7097764; 0.36567473; 2
5M1; De Witt Municipal; De Witt; AR; USA; 34.2626; -91.309845; 0.6356715; 0.35146248; 2
5M4; Fordyce Municipal; Fordyce; AR; USA; 33.845936; -92.365425; 0.6180316; 0.33543533; 2
5M9; Marion-Crittenden County; Marion; KY; USA; 37.336163; -88.11114; 0.68472254; 0.46582794; 2
5N8; Casselton Regional; Casselton; ND; USA; 46.854694; -97.2087; 0.53851724; 0.7923615; 2
5ND6; Hillsboro Municipal; Hillsboro; ND; USA; 47.35941; -97.06042; 0.5407499; 0.80991334; 2
5NI; Nikolai; Nikolai; AK; USA; 63.01745; -154.36397; 0.18691939; 0.15700626; 2
5NK; Naknek; Naknek; AK; USA; 58.73288; -157.01991; 0.17675819; 0.10470843; 2
5NN; Nondalton; Nondalton; AK; USA; 59.979042; -154.83969; 0.18507302; 0.11964291; 2
5R3; Rusty Allen; Lago Vista; TX; USA; 30.498585; -97.969475; 0.52057374; 0.21617705; 2
5R4; Foley Municipal; Foley; AL; USA; 30.427698; -87.70082; 0.70402163; 0.22399217; 2
5R5; Wharton Municipal; Wharton; TX; USA; 29.254278; -96.15439; 0.55296636; 0.17193389; 2
5R8; De Quincy Industrial Airpark; De Quincy; LA; USA; 30.441172; -93.473495; 0.6009448; 0.2145589; 2
5S8; St. Michael; St. Michael; AK; USA; 63.49005; -162.11037; 0.16190606; 0.16551179; 2
5T5; Hillsboro Municipal; Hillsboro; TX; USA; 32.083485; -97.09723; 0.5365411; 0.27147853; 2
5T6; Dona Ana County  At Santa Teresa; Santa Teresa; NM; USA; 31.880985; -106.70481; 0.36810723; 0.2819969; 2
5T9; Maverick County Meml Intl; Eagle Pass; TX; USA; 28.857193; -100.5123; 0.47353923; 0.16132247; 2
5TE; Tetlin; Tetlin; AK; USA; 63.133823; -142.52193; 0.22556692; 0.16390073; 2
5U3; Ennis - Big Sky; Ennis; MT; USA; 45.27176; -111.648636; 0.3280532; 0.76848054; 2
5U8; Geraldine; Geraldine; MT; USA; 47.59664; -110.26604; 0.3552187; 0.84345245; 2
5V5; Shiprock Airstrip; Shiprock; NM; USA; 36.697777; -108.7012; 0.3467422; 0.45779634; 2
5V8; Kadoka Municipal; Kadoka; SD; USA; 43.833324; -101.497086; 0.4737254; 0.69028884; 2
5W8; Siler City Municipal; Siler City; NC; USA; 35.70292; -79.5053; 0.8302717; 0.43928927; 2
5Z1; Juneau Harbor; Juneau; AK; USA; 58.29889; -134.40778; 0.26169425; 0.11736274; 2
5Z5; Kantishna; Kantishna; AK; USA; 63.541714; -150.99396; 0.19783634; 0.16381615; 2
60F; Seymour Municipal; Seymour; TX; USA; 33.648705; -99.26063; 0.499765; 0.3280869; 2
60J; Ocean Isle; Ocean Isle Beach; NC; USA; 33.908504; -78.436676; 0.8547691; 0.3823421; 2
61A; Camden Municipal; Camden; AL; USA; 31.97987; -87.33888; 0.7075239; 0.27930802; 2
61B; Boulder City Municipal; Boulder City; NV; USA; 35.94748; -114.8611; 0.24337824; 0.46010548; 2
61C; Fort Atkinson Municipal; Fort Atkinson; WI; USA; 42.963203; -88.81763; 0.6642914; 0.66256934; 2
61J; Portland Downtown Heliport; Portland; OR; USA; 45.525276; -122.67093; 0.17245747; 0.8369561; 2
61S; Cottage Grove State; Cottage Grove; OR; USA; 43.799847; -123.02897; 0.1573676; 0.7812578; 2
62D; Warren; Warren; OH; USA; 41.266724; -80.92898; 0.7883562; 0.6269537; 2
62H; Giddings-Lee County; Giddings; TX; USA; 30.169271; -96.98001; 0.53818333; 0.20415652; 2
62S; Christmas Valley; Christmas Valley; OR; USA; 43.23653; -120.6661; 0.18835291; 0.74610823; 2
63A; Lloyd R. Roundtree Seaplane Facility; Petersburg; AK; USA; 56.81132; -132.96005; 0.2703347; 0.10278273; 2
63C; Adams County Legion; Adams/Friendship; WI; USA; 43.961174; -89.78805; 0.64829; 0.69588375; 2
63S; Colville Municipal; Colville; WA; USA; 48.54157; -117.88442; 0.25412828; 0.9096589; 2
65J; Wrens Memorial; Wrens; GA; USA; 33.222645; -82.383736; 0.79015094; 0.33978802; 2
65S; Boundary County; Bonners Ferry; ID; USA; 48.726326; -116.29548; 0.27648687; 0.90771914; 2
66D; Sturgis Municipal; Sturgis; SD; USA; 44.41761; -103.37478; 0.4466952; 0.71396625; 2
67L; Mesquite; Mesquite; NV; USA; 36.834976; -114.055244; 0.26007664; 0.4865595; 2
68A; Wrangell SPB; Wrangell; AK; USA; 56.466324; -132.38002; 0.27332592; 0.09999323; 2
68S; Davenport; Davenport; WA; USA; 47.654045; -118.167755; 0.24606717; 0.881192; 2
6A1; Butler Municipal; Butler; GA; USA; 32.567368; -84.25075; 0.7598798; 0.30963087; 2
6A2; Griffin-Spaulding County; Griffin; GA; USA; 33.22697; -84.27495; 0.7577643; 0.33262008; 2
6A3; Andrews-Murphy; Andrews; NC; USA; 35.19453; -83.8649; 0.7595431; 0.40302193; 2
6A4; Johnson County; Mountain City; TN; USA; 36.4179; -81.82512; 0.7897473; 0.45378494; 2
6A8; Allakaket; Allakaket; AK; USA; 66.55194; -152.62222; 0.19211905; 0.20041984; 2
6B0; Middlebury State; Middlebury; VT; USA; 43.984783; -73.09595; 0.8937376; 0.76059914; 2
6B4; Frankfort-Highland; Utica/Frankfort; NY; USA; 43.020905; -75.17044; 0.868019; 0.7155995; 2
6B6; Minute Man Airfield; Stow; MA; USA; 42.460453; -71.517914; 0.92463523; 0.71846545; 2
6B8; Caledonia County State; Lyndonville; VT; USA; 44.569115; -72.01798; 0.9062716; 0.7870955; 2
6B9; Skaneateles Aero Drome; Skaneateles; NY; USA; 42.913956; -76.440765; 0.84971106; 0.70508647; 2
6D6; Greenville Municipal; Greenville; MI; USA; 43.14228; -85.25381; 0.7175262; 0.67739475; 2
6D8; Barnes County Municipal; Valley City; ND; USA; 46.94101; -98.017624; 0.5270119; 0.7957024; 2
6F1; Talihina Municipal; Talihina; OK; USA; 34.70777; -95.073784; 0.57146215; 0.36399078; 2
6G1; Titusville; Titusville; PA; USA; 41.60881; -79.74133; 0.8052926; 0.64394796; 2
6G5; Barnesville - Bradfield; Barnesville; OH; USA; 40.00243; -81.19183; 0.78844553; 0.5817398; 2
6I2; Lebanon-Springfield; Springfield; KY; USA; 37.633556; -85.242165; 0.7307415; 0.48403406; 2
6J0; Corporate; Pelion; SC; USA; 33.79464; -81.245865; 0.8077354; 0.36465305; 2
6J2; St George; St George; SC; USA; 33.1955; -80.50847; 0.8222541; 0.34717196; 2
6J4; Saluda County; Saluda; SC; USA; 33.9268; -81.794556; 0.7980241; 0.36685908; 2
6K3; Creighton Municipal; Creighton; NE; USA; 42.470837; -97.883675; 0.52707624; 0.6387771; 2
6K4; Fairview Municipal; Fairview; OK; USA; 36.290146; -98.47583; 0.51468277; 0.42070055; 2
6K8; Tok Junction; Tok; AK; USA; 63.32882; -142.95361; 0.2239363; 0.16586202; 2
6L4; Logan County; Logan; WV; USA; 37.85568; -81.91589; 0.78380495; 0.5037168; 2
6M2; Horseshoe Bend; Horseshoe Bend; AR; USA; 36.216732; -91.750145; 0.6263442; 0.4198625; 2
6M6; Lewis County Regional; Monticello; MO; USA; 40.129166; -91.67834; 0.6238042; 0.55821013; 2
6M7; Lee County-Marianna; Marianna; AR; USA; 34.780277; -90.810555; 0.6435776; 0.37046576; 2
6M8; Marked Tree Municipal; Marked Tree; AR; USA; 35.533413; -90.40149; 0.6495621; 0.3976987; 2
6N5; E 34th St Heliport; New York; NY; USA; 40.742603; -73.972084; 0.8966246; 0.6441724; 2
6N7; New York Skyports Inc. SPB; New York; NY; USA; 40.73399; -73.972916; 0.8966534; 0.6438712; 2
6N8; Thomas County; Thedford; NE; USA; 41.96217; -100.569016; 0.48568532; 0.6231941; 2
6R3; Cleveland Municipal; Cleveland; TX; USA; 30.35643; -95.00802; 0.5735257; 0.21072811; 2
6R7; Old Harbor (New); Old Harbor; AK; USA; 57.2181; -153.26974; 0.19098668; 0.085668564; 2
6R9; Llano Municipal; Llano; TX; USA; 30.784502; -98.66025; 0.50839925; 0.22672153; 2
6S0; Big Timber; Big Timber; MT; USA; 45.80639; -109.98111; 0.35376123; 0.78062904; 2
6S2; Florence Muni; Florence; OR; USA; 43.97901; -124.109566; 0.14298727; 0.7950703; 2
6S3; Columbus; Columbus; MT; USA; 45.62911; -109.25072; 0.36373225; 0.7719325; 2
6S5; Ravalli County; Hamilton; MT; USA; 46.251495; -114.12554; 0.29627472; 0.81294775; 2
6S8; Laurel Municipal; Laurel; MT; USA; 45.703087; -108.761086; 0.37099037; 0.772863; 2
6V0; Edgemont Municipal; Edgemont; SD; USA; 43.29525; -103.84353; 0.4378472; 0.675557; 2
6V3; Tazewell County; Richlands; VA; USA; 37.063747; -81.79827; 0.7881696; 0.4764881; 2
6V4; Wall Municipal; Wall; SD; USA; 43.994987; -102.250435; 0.46271887; 0.6971338; 2
6V6; Hopkins; Nucla; CO; USA; 38.2388; -108.56326; 0.35326156; 0.5113326; 2
70J; Cairo-Grady County; Cairo; GA; USA; 30.887978; -84.15473; 0.7658969; 0.25134194; 2
71J; Blackwell; Ozark; AL; USA; 31.431139; -85.619225; 0.7387936; 0.26520067; 2
72S; Rosalia Municipal; Rosalia; WA; USA; 47.23684; -117.42103; 0.25439328; 0.862998; 2
73C; Lancaster; Lancaster; WI; USA; 42.78055; -90.68096; 0.636385; 0.6530204; 2
73J; Beaufort County; Beaufort; SC; USA; 32.412136; -80.63455; 0.82274085; 0.31932592; 2
74D; Marshall Cty; Moundsville; WV; USA; 39.880833; -80.73578; 0.7959585; 0.5794064; 2
74S; Anacortes; Anacortes; WA; USA; 48.498993; -122.6624; 0.189606; 0.93653286; 2
74V; Roosevelt Municipal; Roosevelt; UT; USA; 40.27829; -110.05126; 0.33574554; 0.58834183; 2
75J; Turner County; Ashburn; GA; USA; 31.68546; -83.63211; 0.7729582; 0.28113723; 2
76G; Marine City; Marine City; MI; USA; 42.720867; -82.59575; 0.75853616; 0.67125714; 2
77G; Marlette Township; Marlette; MI; USA; 43.31183; -83.09091; 0.74942034; 0.6901379; 2
77S; Hobby; Creswell; OR; USA; 43.932068; -123.00675; 0.1584597; 0.7855654; 2
78D; Caro Municipal; Caro; MI; USA; 43.459084; -83.44522; 0.7437316; 0.69407696; 2
79D; Philippi-Barbour County Regional; Philippi; WV; USA; 39.166206; -80.062584; 0.80895656; 0.55741704; 2
79J; Andalusia; Andalusia; AL; USA; 31.308752; -86.39376; 0.72544354; 0.2584976; 2
79S; Fort Benton; Fort Benton; MT; USA; 47.845833; -110.63361; 0.35088035; 0.8533423; 2
7A0; Greensboro Municipal; Greensboro; AL; USA; 32.681473; -87.66209; 0.7005912; 0.30307257; 2
7A2; Demopolis Municipal; Demopolis; AL; USA; 32.463818; -87.95406; 0.6959168; 0.29469365; 2
7A3; Lanett Municipal; Lanett; AL; USA; 32.812046; -85.22958; 0.74237293; 0.3148021; 2
7A5; Roanoke Municipal; Roanoke; AL; USA; 33.129288; -85.366615; 0.73926795; 0.3254665; 2
7A8; Avery County/Morrison; Spruce Pine; NC; USA; 35.94457; -81.99567; 0.78841037; 0.43652332; 2
7B2; La Fleur; Northampton; MA; USA; 42.328167; -72.61152; 0.90917426; 0.7069421; 2
7D2; Troy-Oakland; Troy; MI; USA; 42.542942; -83.17791; 0.75028485; 0.66299295; 2
7F3; Caddo Mills Municipal; Caddo Mills; TX; USA; 33.03622; -96.24314; 0.55155784; 0.30487138; 2
7F6; Clarksville-Red River County; Clarksville; TX; USA; 33.593166; -95.06355; 0.57186556; 0.32464123; 2
7F7; Clifton Municipal; Clifton; TX; USA; 31.816824; -97.56696; 0.52821887; 0.2622869; 2
7F9; Comanche County-City; Comanche; TX; USA; 31.916813; -98.60033; 0.51011217; 0.2664765; 2
7G0; Ledgedale Airpark; Brockport; NY; USA; 43.181183; -77.91362; 0.82679904; 0.70693725; 2
7G8; Geauga County; Middlefield; OH; USA; 41.449608; -81.06293; 0.7857064; 0.6327827; 2
7I7; Bellefontaine Municipal; Bellefontaine; OH; USA; 40.412083; -83.73686; 0.74759597; 0.5864949; 2
7K0; Pike County-Hatcher; Pikeville; KY; USA; 37.561737; -82.566605; 0.7742102; 0.49084902; 2
7K2; Skagway SPB; Skagway; AK; USA; 59.446896; -135.32266; 0.25602603; 0.12926489; 2
7K4; Ohio County; Hartford; KY; USA; 37.458324; -86.84995; 0.7050327; 0.47324467; 2
7K8; Martin; South Sioux City; NE; USA; 42.454163; -96.472534; 0.5485679; 0.6377399; 2
7KA; Tatitlek; Tatitlek; AK; USA; 60.868904; -146.68646; 0.21386683; 0.13295704; 2
7M1; McGehee Municipal; McGehee; AR; USA; 33.62022; -91.36484; 0.635391; 0.328736; 2
7M3; Bearce; Mount Ida; AR; USA; 34.52926; -93.52714; 0.59776354; 0.35847706; 2
7M4; Osceola Municipal; Osceola; AR; USA; 35.691147; -90.01012; 0.65590227; 0.40393782; 2
7M5; Ozark-Franklin County; Ozark; AR; USA; 35.510696; -93.83931; 0.5919953; 0.39293146; 2
7M7; Piggott Municipal; Piggott; AR; USA; 36.378204; -90.166245; 0.6524115; 0.4279145; 2
7N0; New Orleans Downtown Heliport; New Orleans; LA; USA; 29.951944; -90.081665; 0.66217315; 0.20196658; 2
7N1; Corning-Painted Post; Corning; NY; USA; 42.175907; -77.11219; 0.8428038; 0.67613435; 2
7N7; Spitfire Aerodrome; Pedrictown; NJ; USA; 39.735565; -75.39772; 0.8794652; 0.6010602; 2
7S0; Ronan; Ronan; MT; USA; 47.57077; -114.09678; 0.3018483; 0.85800654; 2
7S1; Twin Bridges; Twin Bridges; MT; USA; 45.53326; -112.309166; 0.31946233; 0.7802343; 2
7S5; Independence State; Independence; OR; USA; 44.866764; -123.19825; 0.16121835; 0.8184235; 2
7S6; White Sulphur Springs; White Sulphur Springs; MT; USA; 46.50411; -110.91327; 0.34266195; 0.8081794; 2
7S7; Valier; Valier; MT; USA; 48.299976; -112.25087; 0.33003917; 0.87508726; 2
7V1; Buena Vista Muni; Buena Vista; CO; USA; 38.814163; -106.1207; 0.39374942; 0.523649; 2
7V7; Red Cloud Municipal; Red Cloud; NE; USA; 40.084736; -98.54062; 0.5157361; 0.55493325; 2
7W6; Hyde County; Englehard; NC; USA; 35.562393; -75.955185; 0.8891701; 0.45355344; 2
80F; Antlers Municipal; Antlers; OK; USA; 34.1926; -95.64986; 0.56174046; 0.34568506; 2
81B; Oxford County Regional; Norway; ME; USA; 44.157425; -70.48129; 0.93048155; 0.7830007; 2
82C; Mauston-New Lisbon Union; New Lisbon; WI; USA; 43.838722; -90.13769; 0.6432467; 0.6910274; 2
82V; Pine Bluffs Municipal; Pine Bluffs; WY; USA; 41.153316; -104.130226; 0.4297181; 0.6008897; 2
83D; Mackinac County; St Ignace; MI; USA; 45.89029; -84.73755; 0.7184935; 0.7747459; 2
84D; Cheyenne Eagle Butte; Eagle Butte; SD; USA; 44.984375; -101.251045; 0.47871846; 0.73031676; 2
84K; Meyers Chuck SPB; Meyers Chuck; AK; USA; 55.739635; -132.25502; 0.27550325; 0.091815114; 2
84R; Smithville Municipal; Smithville; TX; USA; 30.03048; -97.16687; 0.5347953; 0.19935155; 2
85V; Ganado; Ganado; AZ; USA; 35.701405; -109.51038; 0.3305512; 0.42600948; 2
86F; Carnegie Municipal; Carnegie; OK; USA; 35.120613; -98.58062; 0.5122783; 0.37944478; 2
87I; Yazoo County; Yazoo City; MS; USA; 32.883217; -90.463646; 0.6517534; 0.30418193; 2
87Y; Blackhawk Airfield; Madison; WI; USA; 43.104916; -89.18554; 0.65853; 0.66685903; 2
88C; Palmyra Municipal; Palmyra; WI; USA; 42.883556; -88.59743; 0.6677414; 0.6602016; 2
88J; Allendale County; Allendale; SC; USA; 32.99513; -81.27025; 0.8099048; 0.3366781; 2
88M; Eureka; Eureka; MT; USA; 48.968853; -115.07045; 0.29410276; 0.9100607; 2
89D; Kelleys Island Land; Kelleys Island; OH; USA; 41.602825; -82.68462; 0.76046777; 0.63188195; 2
8A0; Albertville Municipal; Albertville; AL; USA; 34.22911; -86.25576; 0.72162396; 0.36130095; 2
8A1; Guntersville Municipal; Guntersville; AL; USA; 34.39944; -86.270164; 0.72101504; 0.36724234; 2
8A3; Livingston Municipal; Livingston; TN; USA; 36.412174; -85.31155; 0.7324942; 0.440884; 2
8B0; Rangeley Municipal; Rangeley; ME; USA; 44.991894; -70.66463; 0.92327446; 0.81005776; 2
8D1; New Holstein Municipal; New Holstein; WI; USA; 43.94424; -88.11348; 0.6732096; 0.6984081; 2
8D3; Sisseton Municipal; Sisseton; SD; USA; 45.67079; -96.99619; 0.54129267; 0.75091696; 2
8D4; Sparta; Sparta; MI; USA; 43.12861; -85.676895; 0.7112141; 0.6757259; 2
8D7; Clark County; Clark; SD; USA; 44.895702; -97.711914; 0.5306037; 0.7239984; 2
8D9; Howard Municipal; Howard; SD; USA; 44.02914; -97.53785; 0.53286994; 0.6934873; 2
8F7; Decatur Municipal; Decatur; TX; USA; 33.25464; -97.58056; 0.5284797; 0.31294745; 2
8G2; Lawrence; Corry; PA; USA; 41.907555; -79.64105; 0.80574507; 0.65478265; 2
8G6; Harrison County; Cadiz; OH; USA; 40.238205; -81.012566; 0.7904625; 0.5907165; 2
8G7; Zelienople; Zelienople; PA; USA; 40.80162; -80.16073; 0.801722; 0.61399984; 2
8K8; Cimarron Municipal; Cimarron; KS; USA; 37.830578; -100.350426; 0.48507133; 0.47702163; 2
8K9; Murphys Pullout SPB; Ketchikan; AK; USA; 55.38965; -131.73807; 0.27834135; 0.088918984; 2
8M1; Booneville-Baldwyn; Booneville; MS; USA; 34.589817; -88.646996; 0.6804332; 0.36782855; 2
8S1; Polson; Polson; MT; USA; 47.69544; -114.18512; 0.30111328; 0.8626643; 2
8S2; Cashmere-Dryden; Cashmere; WA; USA; 47.514847; -120.4848; 0.21364836; 0.88988703; 2
8S5; East Cooper; Mt Pleasant; SC; USA; 32.897835; -79.78286; 0.83567476; 0.34033763; 2
8U6; Terry; Terry; MT; USA; 46.779175; -105.30471; 0.42302918; 0.8005032; 2
8U8; Townsend; Townsend; MT; USA; 46.331112; -111.48139; 0.33403274; 0.8044024; 2
8V2; Stuart-Atkinson Municipal; Atkinson; NE; USA; 42.5625; -99.03787; 0.50956225; 0.6427748; 2
8Y2; Buffalo Municipal; Buffalo; MN; USA; 45.159046; -93.8433; 0.58734375; 0.73345876; 2
91C; Sauk - Prairie; Prairie Du Sac; WI; USA; 43.296932; -89.75596; 0.64967763; 0.67261124; 2
91F; Arrowhead; Canadian; OK; USA; 35.154263; -95.62026; 0.5621648; 0.37966025; 2
93B; Stonington; Stonington; ME; USA; 44.17508; -68.678635; 0.95613915; 0.79598904; 2
93C; Richland; Richland Center; WI; USA; 43.283333; -90.29828; 0.6415484; 0.671269; 2
93F; Mignon Laird Municipal; Cheyenne; OK; USA; 35.603935; -99.70344; 0.49375924; 0.39757037; 2
93Y; David City Municipal; David City; NE; USA; 41.233345; -97.11698; 0.5384489; 0.59479403; 2
94K; Cassville Municipal; Cassville; MO; USA; 36.69742; -93.90053; 0.5904191; 0.43484902; 2
95F; Cleveland Municipal; Cleveland; OK; USA; 36.2834; -96.46419; 0.54806304; 0.4195916; 2
96D; Walhalla Municipal; Walhalla; ND; USA; 48.94057; -97.90278; 0.52947366; 0.8651223; 2
96Z; North Whale SPB; North Whale Pass; AK; USA; 56.11631; -133.12172; 0.27129006; 0.09432745; 2
97M; Ekalaka; Ekalaka; MT; USA; 45.877914; -104.537506; 0.43226683; 0.7673976; 2
98D; Onida Municipal; Onida; SD; USA; 44.704147; -100.108734; 0.4952156; 0.71909934; 2
99N; Bamburg County; Bamburg; SC; USA; 33.305157; -81.108986; 0.81165236; 0.3482083; 2
99Y; Greeley Municipal; Greeley; NE; USA; 41.558346; -98.54619; 0.51647574; 0.60698676; 2
9A1; Covington Municipal; Covington; GA; USA; 33.63248; -83.849556; 0.76397157; 0.34836072; 2
9A3; Chuathbaluk; Chuathbaluk; AK; USA; 61.58317; -159.23596; 0.17007533; 0.14055562; 2
9A4; Lawrence County; Courtland; AL; USA; 34.65939; -87.34883; 0.702254; 0.37339926; 2
9A5; Barwick-LaFayette; LaFayette; GA; USA; 34.68897; -85.29023; 0.7369083; 0.3804205; 2
9A6; Chester Municipal; Chester; SC; USA; 34.789333; -81.19578; 0.8053513; 0.39957792; 2
9A8; Ugashik; Ugashik; AK; USA; 57.527866; -157.3993; 0.17488246; 0.09002143; 2
9C8; Evart Municipal; Evart; MI; USA; 43.89585; -85.279205; 0.71537435; 0.70367855; 2
9D0; Highmore Municipal; Highmore; SD; USA; 44.54165; -99.44622; 0.5048518; 0.71274257; 2
9D1; Gregory Municipal; Gregory; SD; USA; 43.22175; -99.4033; 0.5044998; 0.6663088; 2
9D2; Harding County; Buffalo; SD; USA; 45.58055; -103.52963; 0.44632497; 0.7549404; 2
9D7; Cando Municipal; Cando; ND; USA; 48.48417; -99.2368; 0.5107255; 0.85015893; 2
9D9; Hastings Municipal; Hastings; MI; USA; 42.663616; -85.34626; 0.71725965; 0.66036904; 2
9G0; Buffalo Airfield; Buffalo; NY; USA; 42.862003; -78.71658; 0.81610876; 0.69210213; 2
9G1; West Penn; Tarentum; PA; USA; 40.604233; -79.8206; 0.8076539; 0.6086248; 2
9G3; Akron; Akron; NY; USA; 43.021088; -78.48297; 0.8189787; 0.69869876; 2
9G5; Royalton; Gasport; NY; USA; 43.182003; -78.55781; 0.81725323; 0.7039234; 2
9G8; Ebensburg; Ebensburg; PA; USA; 40.461212; -78.775246; 0.8242959; 0.60847235; 2
9I0; Havana Regional; Havana; IL; USA; 40.221153; -90.022896; 0.6497153; 0.56383586; 2
9I3; West Liberty; West Liberty; KY; USA; 37.91453; -83.25212; 0.7621415; 0.50063056; 2
9K2; Kokhanok; Kokhanok; AK; USA; 59.432644; -154.8027; 0.1851589; 0.11291498; 2
9K4; Skyhaven; Warrensburg; MO; USA; 38.78424; -93.80286; 0.5910186; 0.5087217; 2
9K7; Ellsworth Municipal; Ellsworth; KS; USA; 38.74751; -98.23061; 0.51996136; 0.50744355; 2
9K8; Kingman Municipal; Kingman; KS; USA; 37.666603; -98.12265; 0.52118754; 0.4691429; 2
9M4; Ackerman-Choctaw County; Ackerman; MS; USA; 33.30346; -89.2284; 0.67251074; 0.3213007; 2
9M6; Kelly; Oak Grove; LA; USA; 32.849213; -91.40391; 0.6355002; 0.3015197; 2
9M8; Sheridan-Grant County Regional; Sheridan; AR; USA; 34.32843; -92.35098; 0.617891; 0.35247362; 2
9S2; Scobey; Scobey; MT; USA; 48.807728; -105.43947; 0.4252619; 0.8710133; 2
9S4; Mineral County; Superior; MT; USA; 47.16826; -114.853745; 0.28972515; 0.8477416; 2
9S5; Three Forks; Three Forks; MT; USA; 45.87853; -111.56914; 0.33125582; 0.78913075; 2
9S7; Winifred; Winifred; MT; USA; 47.551647; -109.37768; 0.3674914; 0.8388397; 2
9S9; Lexington; Lexington; OR; USA; 45.452633; -119.68864; 0.21399686; 0.81532043; 2
9U0; Turner; Turner; MT; USA; 48.85417; -108.40902; 0.38453597; 0.88055825; 2
9U3; Austin; Austin; NV; USA; 39.46798; -117.19537; 0.22166233; 0.5952846; 2
9U4; Dixon; Dixon; WY; USA; 41.0383; -107.497284; 0.37744248; 0.6059374; 2
9V5; Modisett; Rushville; NE; USA; 42.737488; -102.44489; 0.45804882; 0.6532861; 2
9V6; Martin Municipal; Martin; SD; USA; 43.16564; -101.71269; 0.4696739; 0.66714823; 2
9V9; Chamberlain Municipal; Chamberlain; SD; USA; 43.76612; -99.32134; 0.5061311; 0.68538606; 2
9W7; Currituck County; Currituck; NC; USA; 36.398933; -76.01631; 0.88450617; 0.48212218; 2
A04; Centre Municipal; Centre; AL; USA; 34.159874; -85.63513; 0.7323049; 0.3607545; 2
A14; Portage Creek; Portage Creek; AK; USA; 58.906487; -157.71411; 0.17422034; 0.107064545; 2
A29; Sitka SPB; Sitka; AK; USA; 57.05214; -135.3462; 0.26078665; 0.10092038; 2
A30; Scott Valley; Fort Jones; CA; USA; 41.558193; -122.85531; 0.14679; 0.7041517; 2
A32; Butte Valley; Dorris; CA; USA; 41.887093; -121.97556; 0.1617054; 0.709051; 2
A61; Tuntutuliak; Tuntutuliak; AK; USA; 60.335346; -162.667; 0.15712076; 0.12741095; 2
A63; Twin Hills; Twin Hills; AK; USA; 59.075623; -160.27304; 0.16478467; 0.110349834; 2
A79; Chignik Lake; Chignik Lake; AK; USA; 56.255047; -158.77536; 0.16886617; 0.07497585; 2
A85; Kwigillingok; Kwigillingok; AK; USA; 59.87645; -163.16756; 0.15488058; 0.12222093; 2
AAF; Apalachicola Municipal; Apalachicola; FL; USA; 29.727547; -85.02745; 0.7532699; 0.20775205; 2
AAO; Colonel James Jabara; Wichita; KS; USA; 37.747555; -97.22114; 0.53589463; 0.47157145; 2
AAS; Taylor County; Cambellsville; KY; USA; 37.358276; -85.30942; 0.7303008; 0.47414804; 2
AAT; Alturas Municipal; Alturas; CA; USA; 41.483; -120.56536; 0.18044324; 0.6856644; 2
ABE; Lehigh Valley International; Allentown; PA; USA; 40.652363; -75.4404; 0.87467855; 0.63247156; 2
ABI; Abilene Regional; Abilene; TX; USA; 32.41132; -99.6819; 0.4915307; 0.28493547; 2
ABQ; Albuquerque International; Albuquerque; NM; USA; 35.040222; -106.60919; 0.37714055; 0.39243245; 1
ABR; Aberdeen Regional; Aberdeen; SD; USA; 45.449055; -98.42184; 0.5204637; 0.7437796; 2
ABY; Southwest Georgia Regional; Albany; GA; USA; 31.535515; -84.19447; 0.76352245; 0.273785; 2
ACB; Antrim County; Bellaire; MI; USA; 44.988575; -85.19836; 0.71399057; 0.7420484; 2
ACJ; Souther; Americus; GA; USA; 32.110798; -84.18885; 0.76213217; 0.2938971; 2
ACK; Nantucket Memorial; Nantucket; MA; USA; 41.25305; -70.06018; 0.9528802; 0.6872442; 2
ACQ; Waseca Municipal; Waseca; MN; USA; 44.073463; -93.55294; 0.5921762; 0.6955236; 2
ACT; Waco Regional; Waco; TX; USA; 31.611288; -97.23052; 0.5340779; 0.2549082; 2
ACV; Arcata; Arcata/Eureka; CA; USA; 40.978115; -124.10862; 0.124708146; 0.69385123; 2
ACY; Atlantic City International; Atlantic City; NJ; USA; 39.457584; -74.57716; 0.8934462; 0.5962812; 2
ACZ; Henderson; Wallace; NC; USA; 34.71789; -78.003624; 0.8588628; 0.4127385; 2
ADC; Wadena Municipal; Wadena; MN; USA; 46.45027; -95.21095; 0.56709814; 0.77813494; 2
ADG; Lenawee County; Adrian; MI; USA; 41.86944; -84.07481; 0.7385164; 0.6364337; 2
ADH; Ada Municipal; Ada; OK; USA; 34.80434; -96.67128; 0.54440683; 0.36734122; 2
ADK; Adak; Adak; AK; USA; 51.877964; -176.64603; 0.08787197; 0.049306154; 2
ADM; Ardmore Municipal; Ardmore; OK; USA; 34.303207; -97.01952; 0.5384007; 0.34972924; 2
ADQ; Kodiak; Kodiak; AK; USA; 57.74997; -152.49385; 0.19394687; 0.092292905; 2
ADS; Addison; Dallas/Addison; TX; USA; 32.96856; -96.83645; 0.5412733; 0.3025841; 2
ADT; Atwood-Rawlins County City-County; Atwood; KS; USA; 39.840137; -101.04203; 0.47607833; 0.54894674; 2
ADU; Audubon Municipal; Audubon; IA; USA; 41.701374; -94.92054; 0.5723928; 0.61130816; 2
AEG; Double Eagle II; Albuquerque; NM; USA; 35.145153; -106.79516; 0.3742721; 0.39671105; 2
AEL; Albert Lea Municipal; Albert Lea; MN; USA; 43.68151; -93.36724; 0.5951651; 0.68186677; 2
AEX; Alexandria International; Alexandria; LA; USA; 31.327372; -92.54855; 0.6168071; 0.24655342; 2
AFE; Kake; Kake; AK; USA; 56.96048; -133.90826; 0.26642194; 0.10259676; 2
AFJ; Washington County; Washington; PA; USA; 40.13649; -80.2902; 0.8020246; 0.5902483; 2
AFK; Nebraska City Municipal; Nebraska City; NE; USA; 40.606888; -95.86569; 0.5578684; 0.5724914; 2
AFM; Ambler; Ambler; AK; USA; 67.1061; -157.85362; 0.17716338; 0.20765293; 2
AFN; Jaffrey Municipal Silver Ranch; Jaffrey; NH; USA; 42.805134; -72.00302; 0.91568315; 0.7270886; 2
AFO; Afton Municipal; Afton; WY; USA; 42.711246; -110.94216; 0.32988492; 0.67676824; 2
AFW; Fort Worth Alliance; Fort Worth; TX; USA; 32.98764; -97.3188; 0.53292084; 0.3034165; 2
AGC; Allegheny Cty; Pittsburgh; PA; USA; 40.3544; -79.93017; 0.806846; 0.59943247; 2
AGN; Angoon SPB; Angoon; AK; USA; 57.503555; -134.5851; 0.2627198; 0.107666194; 2
AGO; Magnolia Municipal; Magnolia; AR; USA; 33.22802; -93.21697; 0.60382724; 0.3128124; 2
AGS; Bush; Augusta; GA; USA; 33.369953; -81.96449; 0.7968623; 0.34669703; 2
AGZ; Wagner Municipal; Wagner; SD; USA; 43.063328; -98.29619; 0.5210934; 0.6598872; 2
AHH; Amery Municipal; Amery; WI; USA; 45.281147; -92.37539; 0.6087304; 0.7388388; 2
AHN; Athens Municipal; Athens; GA; USA; 33.948597; -83.32635; 0.772005; 0.36139214; 2
AHP; Port Alexander SPB; Port Alexander; AK; USA; 56.24684; -134.64815; 0.2651162; 0.092754364; 2
AHQ; Wahoo Municipal; Wahoo; NE; USA; 41.241333; -96.594025; 0.54655814; 0.59495306; 2
AIA; Alliance Municipal; Alliance; NE; USA; 42.05325; -102.80372; 0.45159343; 0.6298561; 2
AID; Anderson Municipal; Anderson; IN; USA; 40.10862; -85.61299; 0.71906984; 0.56993365; 2
AIG; Langlade County; Antigo; WI; USA; 45.154194; -89.110725; 0.6565614; 0.7388456; 2
AIK; Aiken Municipal; Aiken; SC; USA; 33.649555; -81.68447; 0.80075824; 0.35765958; 2
AIO; Atlantic Municipal; Atlantic; IA; USA; 41.40727; -95.046906; 0.5705084; 0.60088944; 2
AIT; Aitkin Municipal; Aitkin; MN; USA; 46.548424; -93.6768; 0.58907604; 0.7821708; 2
AIV; George Downer; Aliceville; AL; USA; 33.107067; -88.19725; 0.6905875; 0.3166951; 2
AIY; Atlantic City Municipal; Atlantic City; NJ; USA; 39.360027; -74.456085; 0.8957821; 0.59364617; 2
AIZ; Lee C Fine Memorial; Kaiser/Lake Ozark; MO; USA; 38.096035; -92.549484; 0.6116447; 0.48539603; 2
AJC; Chignik (Anchorage Bay); Chignik; AK; USA; 56.311462; -158.37323; 0.17051187; 0.07547897; 2
AJG; Mt Carmel Municipal; Mt Carmel; IL; USA; 38.60655; -87.72669; 0.6886733; 0.51150584; 2
AJO; Corona Municipal; Corona; CA; USA; 33.897655; -117.60244; 0.18902688; 0.40581805; 2
AJR; Habersham County; Cornelia; GA; USA; 34.50082; -83.55487; 0.7666182; 0.37985617; 2
AK5; Perryville; Perryville; AK; USA; 55.908062; -159.15858; 0.16712815; 0.07092273; 2
AKA; Atka; Atka; AK; USA; 52.22035; -174.20634; 0.09905759; 0.047407746; 2
AKH; Gastonia Municipal; Gastonia; NC; USA; 35.20266; -81.149864; 0.8047708; 0.4142092; 2
AKI; Akiak; Akiak; AK; USA; 60.90481; -161.22702; 0.16269997; 0.13334018; 2
AKK; Akhiok; Akhiok; AK; USA; 56.93869; -154.18256; 0.18739457; 0.08220929; 2
AKN; King Salmon; King Salmon; AK; USA; 58.6768; -156.64922; 0.17813545; 0.10391861; 2
AKO; Akron-Washington Co; Akron; CO; USA; 40.175632; -103.22203; 0.44221395; 0.5645213; 2
AKP; Anaktuvuk Pass; Anaktuvuk Pass; AK; USA; 68.13432; -151.74168; 0.19428658; 0.21981913; 2
AKR; Akron Fulton Intl.; Akron; OH; USA; 41.0375; -81.46694; 0.7808515; 0.6167713; 2
AKW; Klawock; Klawock; AK; USA; 55.579235; -133.076; 0.27267805; 0.08815551; 2
AL08; Vaiden; Marion; AL; USA; 32.512356; -87.38555; 0.7057014; 0.29785967; 2
ALB; Albany Cty; Albany; NY; USA; 42.74812; -73.80298; 0.8894757; 0.71406543; 2
ALI; Alice International; Alice; TX; USA; 27.740889; -98.02695; 0.51832575; 0.11970276; 2
ALM; Alamogordo-White Sands Regional; Alamogordo; NM; USA; 32.839943; -105.990585; 0.38268262; 0.31329203; 2
ALN; St. Louis Regional; Alton/St. Louis; IL; USA; 38.89029; -90.04604; 0.6510998; 0.5168219; 2
ALO; Waterloo Municipal; Waterloo; IA; USA; 42.557083; -92.400345; 0.61051774; 0.6430869; 2
ALS; San Luis Valley Regional/Bergman; Alamosa; CO; USA; 37.434917; -105.866554; 0.39480338; 0.47439194; 2
ALW; Walla Walla Regional; Walla Walla; WA; USA; 46.094563; -118.28804; 0.2369181; 0.8289351; 2
ALX; Thomas C Russell; Alexander City; AL; USA; 32.914753; -85.96296; 0.7294893; 0.3160575; 2
AMA; Amarillo International; Amarillo; TX; USA; 35.21937; -101.705925; 0.4597802; 0.38679844; 2
AMG; Bacon County; Alma; GA; USA; 31.536055; -82.50655; 0.7930378; 0.28046572; 2
AMN; Gratiot Community; Alma; MI; USA; 43.322144; -84.68795; 0.72555846; 0.6853504; 2
AMT; Alexander Salamon; West Union; OH; USA; 38.851486; -83.56628; 0.7545199; 0.53236115; 2
AMW; Ames Municipal; Ames; IA; USA; 41.99207; -93.6218; 0.59224015; 0.62217814; 2
ANB; Anniston Metropolitan; Anniston; AL; USA; 33.588165; -85.85811; 0.7297965; 0.33999872; 2
ANC; Ted Stevens Anchorage International; Anchorage; AK; USA; 61.17432; -149.99619; 0.20209962; 0.13503456; 1
AND; Anderson County; Anderson; SC; USA; 34.494946; -82.70903; 0.7808755; 0.3829208; 2
ANE; Anoka County; Minneapolis; MN; USA; 45.145; -93.21139; 0.5966019; 0.7333721; 2
ANI; Aniak; Aniak; AK; USA; 61.581596; -159.54305; 0.16901863; 0.14068103; 2
ANQ; Steuben County-Tri State; Angola; IN; USA; 41.639698; -85.083496; 0.7236812; 0.6252457; 2
ANV; Anvik; Anvik; AK; USA; 62.648582; -160.1899; 0.16752078; 0.15408385; 2
ANW; Ainsworth Municipal; Ainsworth; NE; USA; 42.579224; -99.99297; 0.4950577; 0.6442696; 2
ANY; Anthony Municipal; Anthony; KS; USA; 37.158524; -98.07964; 0.5216546; 0.45114517; 2
AOC; Arco-Butte County; Arco; ID; USA; 43.60343; -113.3341; 0.2974805; 0.7180152; 2
AOH; Allen County; Lima; OH; USA; 40.706944; -84.026665; 0.7423102; 0.59585917; 2
AOO; Altoona-Blair Cty; Altoona; PA; USA; 40.29637; -78.32002; 0.8319509; 0.60494256; 2
APA; Centennial; Denver; CO; USA; 39.57013; -104.8493; 0.4155144; 0.54684883; 2
APC; Napa County; Napa; CA; USA; 38.213196; -122.28069; 0.13616212; 0.5862563; 2
APF; Naples Municipal; Naples; FL; USA; 26.152472; -81.775444; 0.82245445; 0.09743667; 2
APN; Alpena County Regional; Alpena; MI; USA; 45.078068; -83.56029; 0.737614; 0.7501048; 2
APT; Marion County-Brown; Jasper; TN; USA; 35.060677; -85.58532; 0.7310857; 0.39254034; 2
APV; Apple Valley; Apple Valley; CA; USA; 34.57529; -117.18618; 0.19911292; 0.4264722; 2
AQC; Klawock SPB; Klawock; AK; USA; 55.554657; -133.1017; 0.27263302; 0.087813616; 2
AQH; Kwinhagak; Quinhagak; AK; USA; 59.757008; -161.87949; 0.15942352; 0.11975026; 2
AQT; Nuiqsut; Nuiqsut; AK; USA; 70.20995; -151.00555; 0.19562446; 0.24505395; 2
AQW; Harriman And West; North Adams; MA; USA; 42.695915; -73.17038; 0.8990648; 0.7160747; 2
AQY; Girdwood; Girdwood; AK; USA; 60.966095; -149.1258; 0.20524575; 0.1328209; 2
ARA; Acadiana Regional; New Iberia; LA; USA; 30.037758; -91.883896; 0.6297183; 0.20208973; 2
ARB; Ann Arbor Municipal; Ann Arbor; MI; USA; 42.222984; -83.745605; 0.7425822; 0.6498867; 2
ARC; Arctic Village; Arctic Village; AK; USA; 68.11608; -145.57611; 0.2110887; 0.22187972; 2
ARG; Walnut Ridge Regional; Walnut Ridge; AR; USA; 36.125347; -90.92462; 0.640144; 0.4177689; 2
ARR; Aurora Municipal; Chicago/Aurora; IL; USA; 41.77193; -88.47566; 0.67141885; 0.6213609; 2
ART; Watertown Intl; Watertown; NY; USA; 43.99192; -76.021736; 0.85121936; 0.744407; 2
ARV; Lakeland; Minocqua-Woodruff; WI; USA; 45.927925; -89.73094; 0.6464412; 0.76483375; 2
ASD; Slidell; Slidell; LA; USA; 30.345055; -89.820786; 0.6663255; 0.21623331; 2
ASE; Aspen-Pitkin Co/Sardy; Aspen; CO; USA; 39.22316; -106.86884; 0.38280234; 0.5402519; 2
ASG; Springdale Municipal; Springdale; AR; USA; 36.17641; -94.119255; 0.58702576; 0.41629738; 2
ASH; Boire; Nashua; NH; USA; 42.78176; -71.51478; 0.9229694; 0.7294399; 2
ASJ; Tri-County; Ahoskie; NC; USA; 36.297527; -77.17085; 0.8661891; 0.47206563; 2
ASL; Marshall - Harrison County; Marshall; TX; USA; 32.5205; -94.30778; 0.5852562; 0.28712684; 2
ASN; Talladega Municipal; Talladega; AL; USA; 33.569912; -86.05086; 0.7265412; 0.33876884; 2
AST; Astoria Regional; Astoria; OR; USA; 46.15797; -123.87869; 0.15938756; 0.86654866; 2
ASW; Warsaw Municipal; Warsaw; IN; USA; 41.2747; -85.84006; 0.71290576; 0.61025524; 2
ASX; John F Kennedy Memorial; Ashland; WI; USA; 46.548527; -90.91897; 0.62858856; 0.7847703; 2
ATA; Hall-Miller Municipal; Atlanta; TX; USA; 33.101807; -94.19533; 0.5869848; 0.30767453; 2
ATK; Atqasuk; Atqasuk; AK; USA; 70.46728; -157.43573; 0.17960006; 0.2482369; 2
ATL; William B Hartsfield-Atlanta Intl; Atlanta; GA; USA; 33.640446; -84.42694; 0.75410765; 0.3465578; 1
ATS; Artesia Municipal; Artesia; NM; USA; 32.852528; -104.46769; 0.40901375; 0.3094138; 2
ATW; Outagamie County Regional; Appleton; WI; USA; 44.25741; -88.51948; 0.66666305; 0.70856035; 2
ATY; Watertown Municipal; Watertown; SD; USA; 44.913982; -97.15472; 0.53879815; 0.7244315; 2
AUG; Augusta State; Augusta; ME; USA; 44.32065; -69.79732; 0.9393463; 0.79312617; 2
AUH; Aurora Municipal; Aurora; NE; USA; 40.89414; -97.99455; 0.5246948; 0.58318913; 2
AUK; Alakanuk; Alakanuk; AK; USA; 62.680042; -164.65993; 0.15278447; 0.15764207; 2
AUM; Austin Municipal; Austin; MN; USA; 43.66499; -92.93339; 0.60166645; 0.68161386; 2
AUN; Auburn Municipal; Auburn; CA; USA; 38.95477; -121.08208; 0.15890183; 0.60286206; 2
AUO; Auburn-Opelik; Auburn; AL; USA; 32.616356; -85.43356; 0.7393075; 0.3072788; 2
AUS; Austin-Bergstrom International; Austin; TX; USA; 30.194532; -97.66987; 0.5258156; 0.20533359; 1
AUW; Wausau Municipal; Wausau; WI; USA; 44.92847; -89.62661; 0.6493402; 0.73005724; 2
AVC; Mecklenburg-Brunswick Regional; South Hill; VA; USA; 36.68828; -78.054474; 0.8502606; 0.48088866; 2
AVK; Alva Regional; Alva; OK; USA; 36.77317; -98.669945; 0.511747; 0.43792593; 2
AVL; Asheville Regional; Asheville; NC; USA; 35.436195; -82.54181; 0.7809045; 0.41651946; 2
AVO; Avon Park Municipal; Avon Park; FL; USA; 27.591145; -81.527855; 0.8225551; 0.14811367; 2
AVP; Wilkes-Barre/Scranton Intl; Wilkes-Barre/Scranton; PA; USA; 41.33815; -75.724266; 0.86730003; 0.6545555; 2
AVQ; Marana Northwest Regional; Marana; AZ; USA; 32.40939; -111.218506; 0.291316; 0.31853783; 2
AVX; Catalina; Avalon; CA; USA; 33.404945; -118.41586; 0.17305979; 0.3943016; 2
AWG; Washington Municipal; Washington; IA; USA; 41.2761; -91.67345; 0.62278706; 0.5987046; 2
AWI; Wainwright; Wainwright; AK; USA; 70.638; -159.99475; 0.17337938; 0.2510395; 2
AWM; West Memphis Municipal; West Memphis; AR; USA; 35.13506; -90.23444; 0.65286374; 0.3839261; 2
AWO; Arlington Municipal; Arlington; WA; USA; 48.160748; -122.15902; 0.19444951; 0.9219978; 2
AXA; Algona Municipal; Algona; IA; USA; 43.07791; -94.271996; 0.5818571; 0.6600946; 2
AXN; Chandler; Alexandria; MN; USA; 45.8663; -95.39467; 0.5645372; 0.757681; 2
AXS; Altus Municipal; Altus; OK; USA; 34.69878; -99.3381; 0.4992073; 0.36521888; 2
AXV; Neil Armstrong; Wapakoneta; OH; USA; 40.49339; -84.29894; 0.7386397; 0.58747816; 2
AXX; Angel Fire; Angel Fire; NM; USA; 36.42241; -105.2893; 0.40211654; 0.43714452; 2
AYS; Waycross-Ware County; Waycross; GA; USA; 31.249056; -82.3953; 0.79583484; 0.27094537; 2
AZC; Colorado City Municipal; Colorado City; AZ; USA; 36.959946; -113.013885; 0.27740967; 0.48560393; 2
AZE; Hazelhurst; Hazelhurst; GA; USA; 31.884657; -82.647385; 0.78955877; 0.29202217; 2
AZO; Kalamazoo County; Kalamazoo; MI; USA; 42.234875; -85.552055; 0.71513677; 0.6447571; 2
B01; Granville; Granville; NY; USA; 43.42507; -73.262054; 0.89410204; 0.7404735; 2
B08; Silver Springs; Silver Springs; NV; USA; 39.403248; -119.25183; 0.18953705; 0.6058302; 2
B16; Whitford; Weedsport; NY; USA; 43.080276; -76.538376; 0.84755796; 0.71031636; 2
B19; Biddeford Municipal; Biddeford; ME; USA; 43.46411; -70.47239; 0.9344486; 0.75954425; 2
B21; Sugarloaf Regional; Carrabasset; ME; USA; 45.086166; -70.21618; 0.9290949; 0.81619227; 2
BAF; Barnes Municipal; Westfield; MA; USA; 42.15773; -72.71562; 0.9084979; 0.7004582; 2
BAK; Columbus Municipal; Columbus; IN; USA; 39.261917; -85.89635; 0.7165168; 0.53935; 2
BAM; Battle Mountain; Battle Mountain; NV; USA; 40.599045; -116.87434; 0.2318089; 0.63242626; 2
BAX; Huron County Memorial; Bad Axe; MI; USA; 43.78092; -82.985664; 0.74965245; 0.7068571; 2
BAZ; New Braunfels Municipal; New Braunfels; TX; USA; 29.7045; -98.04222; 0.5189188; 0.1883713; 2
BBB; Benson Municipal; Benson; MN; USA; 45.331932; -95.650566; 0.56087077; 0.7389322; 2
BBD; Curtis; Brady; TX; USA; 31.178167; -99.32464; 0.49686062; 0.24117565; 2
BBP; Marlboro County; Bennettsville; SC; USA; 34.621708; -79.73436; 0.83035755; 0.4005285; 2
BBW; Broken Bow Municipal; Broken Bow; NE; USA; 41.43645; -99.642166; 0.49947223; 0.603614; 2
BCB; Virginia Tech; Blacksburg; VA; USA; 37.207825; -80.408325; 0.81022614; 0.48752445; 2
BCE; Bryce Canyon; Bryce Canyon; UT; USA; 37.70637; -112.14547; 0.29412517; 0.5074528; 2
BCK; Black River Falls Area; Black River Falls; WI; USA; 44.25074; -90.85528; 0.6320847; 0.7044481; 2
BCT; Boca Raton; Boca Raton; FL; USA; 26.378487; -80.1077; 0.85267013; 0.113527715; 2
BCV; Birchwood; Birchwood; AK; USA; 61.416126; -149.50888; 0.20367965; 0.13818747; 2
BDE; Baudette International; Baudette; MN; USA; 48.727417; -94.610306; 0.57503575; 0.8575349; 2
BDG; Blanding Muni; Blanding; UT; USA; 37.583035; -109.48329; 0.33658192; 0.49178863; 2
BDL; Bradley International; Windsor Locks; CT; USA; 41.938873; -72.68323; 0.91009134; 0.6931699; 2
BDQ; Morrilton Municipal; Morrilton; AR; USA; 35.136196; -92.7135; 0.61113673; 0.38061404; 2
BDR; Igor I Sikorsky Memorial; Bridgeport; CT; USA; 41.163483; -73.126175; 0.9073627; 0.6638242; 2
BDX; Broadus; Broadus; MT; USA; 45.433327; -105.41721; 0.41866738; 0.7539295; 2
BED; Laurence G Hanscom; Bedford; MA; USA; 42.46995; -71.28903; 0.92795503; 0.7202935; 2
BEH; Southwest Michigan Regional; Benton Harbor; MI; USA; 42.128582; -86.4285; 0.7020387; 0.6386523; 2
BET; Bethel; Bethel; AK; USA; 60.779778; -161.838; 0.16045326; 0.13222253; 2
BFD; Bradford Reg; Bradford; PA; USA; 41.803066; -78.64012; 0.82127196; 0.65572846; 2
BFF; Scotts Bluff County; Scottsbluff; NE; USA; 41.874027; -103.59564; 0.43919307; 0.6250999; 2
BFI; Boeing Field/King County Intl; Seattle; WA; USA; 47.529987; -122.301956; 0.18897146; 0.90182024; 2
BFK; Buffalo Municipal; Buffalo; OK; USA; 36.8633; -99.61873; 0.49618256; 0.44198447; 2
BFL; Meadows; Bakersfield; CA; USA; 35.433598; -119.05677; 0.17253917; 0.4682603; 2
BFM; Mobile Downtown; Mobile; AL; USA; 30.626469; -88.068; 0.6971329; 0.23000312; 2
BFR; Virgil I Grissom Municipal; Bedford; IN; USA; 38.840034; -86.445366; 0.70870066; 0.52297825; 2
BFW; Silver Bay Municipal; Silver Bay; MN; USA; 47.249027; -91.41558; 0.6207779; 0.80857027; 2
BGD; Hutchinson County; Borger; TX; USA; 35.700043; -101.39405; 0.46559256; 0.40324616; 2
BGE; Decatur County Industrial Airpark; Bainbridge; GA; USA; 30.971527; -84.63744; 0.7571678; 0.25249434; 2
BGF; Winchester Municipal; Winchester; TN; USA; 35.177536; -86.06617; 0.7227658; 0.39518666; 2
BGM; Binghamton Regional; Binghamton; NY; USA; 42.208485; -75.979614; 0.859625; 0.68319476; 2
BGQ; Big Lake Strip Nr 2; Big Lake; AK; USA; 61.53557; -149.8139; 0.20256926; 0.13953817; 2
BGR; Bangor International; Bangor; ME; USA; 44.807446; -68.82814; 0.9502925; 0.81624144; 2
BHB; Hancock Co-Bar Harbor; Bar Harbor; ME; USA; 44.449696; -68.3615; 0.9590142; 0.80749893; 2
BHC; Baxley Municipal; Baxley; GA; USA; 31.713833; -82.393776; 0.794478; 0.28713322; 2
BHK; Baker Muni; Baker City; MT; USA; 46.347637; -104.259445; 0.43712467; 0.78316504; 2
BHM; Birmingham International; Birmingham; AL; USA; 33.562943; -86.75355; 0.71453345; 0.33647054; 2
BID; Block Island State; Block Island; RI; USA; 41.168118; -71.57784; 0.93062866; 0.67395836; 2
BIE; Beatrice Municipal; Beatrice; NE; USA; 40.301277; -96.75411; 0.54392004; 0.5617659; 2
BIG; Allen AAF; Delta Junction; AK; USA; 63.99455; -145.72165; 0.21441185; 0.17177498; 2
BIH; Bishop; Bishop; CA; USA; 37.373096; -118.36361; 0.19332978; 0.53032357; 2
BIL; Billings Logan Intl; Billings; MT; USA; 45.807663; -108.54286; 0.37441748; 0.7757834; 2
BIS; Bismarck Municipal; Bismarck; ND; USA; 46.774113; -100.74672; 0.48796675; 0.79221916; 2
BIV; Tulip City; Holland; MI; USA; 42.743168; -86.10503; 0.70562834; 0.66106164; 2
BJC; Jeffco; Denver; CO; USA; 39.908787; -105.11722; 0.41196138; 0.55944645; 2
BJI; Bemidji-Beltrami County; Bemidji; MN; USA; 47.509422; -94.93372; 0.57083327; 0.81513846; 2
BJJ; Wayne County; Wooster; OH; USA; 40.874805; -81.88825; 0.7748795; 0.60942864; 2
BKD; Breckenridge Stephens County; Breckenridge; TX; USA; 32.719048; -98.891; 0.50552; 0.29496944; 2
BKE; Baker City Municipal; Baker City; OR; USA; 44.837334; -117.80908; 0.23770404; 0.7833569; 2
BKL; Burke Lakefront; Cleveland; OH; USA; 41.5175; -81.683334; 0.77601653; 0.6326746; 2
BKV; Hernando County; Brooksville; FL; USA; 28.473597; -82.45542; 0.80297995; 0.17436248; 2
BKW; Raleigh Cty Memorial; Beckley; WV; USA; 37.787327; -81.12416; 0.7967456; 0.5046197; 2
BKX; Brookings Municipal; Brookings; SD; USA; 44.304832; -96.81695; 0.5436527; 0.70295405; 2
BLF; Mercer Cty; Bluefield; WV; USA; 37.2958; -81.20769; 0.79700255; 0.48708326; 2
BLH; Blythe; Blythe; CA; USA; 33.619164; -114.71687; 0.2361889; 0.37864387; 2
BLI; Bellingham Intl; Bellingham; WA; USA; 48.79275; -122.53753; 0.1929403; 0.94550997; 2
BLM; Allaire Arpt; Belmar/Farmingdale; NJ; USA; 40.186916; -74.124886; 0.89696014; 0.6241286; 2
BLV; Scott AFB/MidAmerica; Belleville/St. Louis; IL; USA; 38.545177; -89.83518; 0.6549408; 0.50500095; 2
BMC; Brigham City; Brigham City; UT; USA; 41.55239; -112.06226; 0.3090289; 0.64112043; 2
BMG; Monroe County; Bloomington; IN; USA; 39.146023; -86.616684; 0.70533454; 0.53328943; 2
BMI; Central Illinois Regional; Bloomington; IL; USA; 40.477985; -88.915955; 0.6666834; 0.57490444; 2
BML; Berlin Municipal; Berlin; NH; USA; 44.575375; -71.175934; 0.91826844; 0.7926326; 2
BMQ; Burnet Muni-Kate Craddock; Burnet; TX; USA; 30.738945; -98.23859; 0.51588356; 0.2247954; 2
BMT; Beaumont Municipal; Beaumont; TX; USA; 30.07044; -94.21554; 0.58782285; 0.2010436; 2
BNA; Nashville International; Nashville; TN; USA; 36.124477; -86.678185; 0.71056664; 0.4267469; 1
BNF; Baranof Warm Springs SPB; Baranof Warm Springs; AK; USA; 57.088825; -134.83315; 0.26265424; 0.10231173; 2
BNG; Banning Municipal; Banning; CA; USA; 33.923073; -116.85058; 0.20169775; 0.40188664; 2
BNL; Barnwell County; Barnwell; SC; USA; 33.25778; -81.388336; 0.80704224; 0.3453009; 2
BNO; Burns Muni; Burns; OR; USA; 43.59213; -118.95498; 0.21510054; 0.74749184; 2
BNW; Boone Municipal; Boone; IA; USA; 42.04957; -93.84757; 0.5887511; 0.6240674; 2
BOI; Boise Air Terminal; Boise; ID; USA; 43.564445; -116.22278; 0.25486994; 0.73099595; 1
BOK; Brookings; Brookings; OR; USA; 42.074554; -124.29009; 0.12874249; 0.7322537; 2
BOS; Gen Edw L Logan Intl; Boston; MA; USA; 42.36435; -71.00518; 0.9327062; 0.71858156; 1
BOW; Bartow Municipal; Bartow; FL; USA; 27.943357; -81.78344; 0.8167926; 0.15906674; 2
BPI; Big Piney-Marbleton; Big Piney; WY; USA; 42.58507; -110.11115; 0.3419619; 0.6691314; 2
BPK; Baxter County Regional; Mountain Home; AR; USA; 36.368942; -92.47053; 0.6142684; 0.4244166; 2
BPT; Southeast Texas Regional; Beaumont/Port Arthur; TX; USA; 29.950834; -94.02069; 0.5913743; 0.19696599; 2
BQK; Glynco Jetport; Brunswick; GA; USA; 31.259027; -81.46631; 0.81207234; 0.27538168; 2
BRD; Brainerd-Crow Wing County Regional; Brainerd; MN; USA; 46.397858; -94.13723; 0.5825368; 0.7766665; 2
BRL; Burlington Municipal; Burlington; IA; USA; 40.783226; -91.1255; 0.63179725; 0.5820079; 2
BRO; Brownsville/S.Padre Island International; Brownsville; TX; USA; 25.906834; -97.42586; 0.52886; 0.05554217; 2
BRW; Wiley Post Will Rogers Memorial; Barrow; AK; USA; 71.285446; -156.766; 0.18150169; 0.25791186; 2
BRY; Samuels; Bardstown; KY; USA; 37.814323; -85.49964; 0.7261527; 0.48960125; 2
BST; Belfast Municipal; Belfast; ME; USA; 44.409668; -69.01225; 0.9500132; 0.8015479; 2
BTI; Barter Island; Kaktovik; AK; USA; 70.1339; -143.57704; 0.21423423; 0.24731451; 2
BTL; W K Kellogg Regional; Battle Creek; MI; USA; 42.307278; -85.25148; 0.7195314; 0.6481565; 2
BTM; Bert Mooney; Butte; MT; USA; 45.954796; -112.49746; 0.31827348; 0.7955656; 2
BTN; Britton Municipal; Britton; SD; USA; 45.815224; -97.74314; 0.5304954; 0.7562368; 2
BTP; Butler Cty; Butler; PA; USA; 40.776928; -79.94972; 0.80505455; 0.61406624; 2
BTR; Baton Rouge Metropolitan, Ryan; Baton Rouge; LA; USA; 30.533161; -91.149635; 0.6423735; 0.22050256; 2
BTT; Bettles; Bettles; AK; USA; 66.91528; -151.52806; 0.19519779; 0.20501024; 2
BTV; Burlington International; Burlington; VT; USA; 44.473003; -73.150314; 0.89052725; 0.77694; 2
BTY; Beatty; Beatty; NV; USA; 36.861057; -116.787; 0.21612507; 0.502856; 2
BUB; Cram; Burwell; NE; USA; 41.776695; -99.14975; 0.50731635; 0.61516124; 2
BUF; Buffalo Niagara Intl; Buffalo; NY; USA; 42.940525; -78.73217; 0.81558007; 0.6947517; 2
BUM; Butler Memorial; Butler; MO; USA; 38.289772; -94.340126; 0.5825808; 0.49093527; 2
BUR; Burbank-Glendale-Pasadena; Burbank; CA; USA; 34.20062; -118.3585; 0.17790383; 0.42122203; 1
BUY; Burlington Municipal; Burlington; NC; USA; 36.048542; -79.474884; 0.8295186; 0.4514743; 2
BVI; Beaver County; Beaver Falls; PA; USA; 40.77248; -80.391426; 0.79827213; 0.6119849; 2
BVK; Buckland; Buckland; AK; USA; 65.982285; -161.15198; 0.16693988; 0.1953072; 2
BVN; Albion Municipal; Albion; NE; USA; 41.728577; -98.05576; 0.5241196; 0.6126863; 2
BVO; Bartlesville Municipal; Bartlesville; OK; USA; 36.762478; -96.011154; 0.55558354; 0.43650526; 2
BVS; Skagit Regional/Bay View; Burlington/Mount Vernon; WA; USA; 48.47089; -122.42086; 0.19267811; 0.9340339; 2
BVX; Batesville Regional; Batesville; AR; USA; 35.726105; -91.64736; 0.6285211; 0.40266162; 2
BVY; Beverly Municipal; Beverly; MA; USA; 42.58417; -70.91652; 0.9328126; 0.7266587; 2
BWC; Brawley Municipal; Brawley; CA; USA; 32.9931; -115.51693; 0.2200459; 0.36165535; 2
BWD; Brownwood Municipal; Brownwood; TX; USA; 31.793623; -98.9565; 0.50378066; 0.2624507; 2
BWG; Bowling Green-Warren County; Bowling Green; KY; USA; 36.964516; -86.41968; 0.71307135; 0.45702887; 2
BWI; Baltimore-Washington International; Baltimore; MD; USA; 39.1754; -76.6682; 0.8621631; 0.57458365; 1
BWP; Harry Stern; Wahpeton; ND; USA; 46.2464; -96.60568; 0.54704285; 0.77097726; 2
BXA; George R Carr Memorial; Bogalusa; LA; USA; 30.813686; -89.86497; 0.66490644; 0.23256934; 2
BXG; Burke County; Waynesboro; GA; USA; 33.04093; -82.00398; 0.797199; 0.33504987; 2
BXK; Buckeye Municipal; Buckeye; AZ; USA; 33.420887; -112.6863; 0.26975584; 0.3608628; 2
BYA; Boundary; Boundary; AK; USA; 64.0783; -141.11337; 0.22878051; 0.17670894; 2
BYG; Johnson County; Buffalo; WY; USA; 44.381084; -106.72179; 0.39728478; 0.72063124; 2
BYI; Burley Municipal; Burley; ID; USA; 42.542603; -113.771545; 0.28691655; 0.6833248; 2
BZN; Gallatin; Bozeman; MT; USA; 45.7769; -111.15301; 0.33686993; 0.7839833; 2
C00; Mercer County; Aledo; IL; USA; 41.248646; -90.73708; 0.63730985; 0.5989697; 2
C05; Chenega Bay; Chenega; AK; USA; 60.077305; -147.99188; 0.20980683; 0.12247509; 2
C09; Morris Municipal; Morris; IL; USA; 41.425415; -88.41869; 0.6728709; 0.6092833; 2
C15; Pekin Municipal; Pekin; IL; USA; 40.488205; -89.67591; 0.6547889; 0.5738499; 2
C17; Marion; Marion; IA; USA; 42.031113; -91.52934; 0.6242742; 0.6255032; 2
C18; Frankfort; Chicago/Frankfort; IL; USA; 41.4775; -87.84047; 0.6816876; 0.6123624; 2
C25; Waverly Municipal; Waverly; IA; USA; 42.74195; -92.507935; 0.60874003; 0.6494969; 2
C29; Morey; Middleton; WI; USA; 43.114243; -89.53073; 0.6533194; 0.6665737; 2
C34; Gibson City Municipal; Gibson City; IL; USA; 40.485783; -88.26727; 0.6768051; 0.57651365; 2
C35; Reedsburg Municipal; Reedsburg; WI; USA; 43.525898; -89.98322; 0.64596164; 0.6802846; 2
C47; Portage Municipal; Portage; WI; USA; 43.560093; -89.48309; 0.65339863; 0.68231857; 2
C52; Burlington Municipal; Burlington; WI; USA; 42.690563; -88.30464; 0.67248714; 0.65401477; 2
C56; Sanger; Chicago/Monee; IL; USA; 41.377563; -87.68137; 0.68431956; 0.6092056; 2
C62; Kendallville Municipal; Kendallville; IN; USA; 41.472717; -85.26081; 0.72135985; 0.6188638; 2
C65; Plymouth Municipal; Plymouth; IN; USA; 41.365135; -86.30051; 0.7056166; 0.6121781; 2
C66; Monmouth Municipal; Monmouth; IL; USA; 40.929703; -90.6311; 0.63932747; 0.5878757; 2
C71; Crosby Municipal; Crosby; MS; USA; 31.296005; -91.05288; 0.6432722; 0.2474218; 2
C73; Dixon Muni-Charles R Walgreen; Dixon; IL; USA; 41.8337; -89.44621; 0.65643746; 0.6216732; 2
C75; Marshall County; Lacon; IL; USA; 41.019287; -89.38642; 0.65854055; 0.59309125; 2
C77; Poplar Grove; Poplar Grove; IL; USA; 42.322685; -88.83652; 0.6650151; 0.64001656; 2
C80; New Coalinga Municipal; Coalinga; CA; USA; 36.16314; -120.293816; 0.15628481; 0.50184643; 2
C81; Campbell; Chicago/Round Lake Park; IL; USA; 42.32461; -88.07409; 0.6766136; 0.64164007; 2
C83; Byron; Byron; CA; USA; 37.828453; -121.625824; 0.14420912; 0.5683207; 2
C91; Dowagiac Municipal; Dowagiac; MI; USA; 41.992935; -86.12801; 0.7069089; 0.6346836; 2
CAD; Wexford County; Cadillac; MI; USA; 44.275314; -85.41893; 0.7124238; 0.7165444; 2
CAE; Columbia Metropolitan; Columbia; SC; USA; 33.93884; -81.11954; 0.8094043; 0.37024772; 2
CAG; Craig-Moffat; Craig; CO; USA; 40.49522; -107.521645; 0.3756899; 0.58696496; 2
CAK; Akron-Canton Regional; Akron; OH; USA; 40.916313; -81.44247; 0.7816151; 0.61263764; 2
CAO; Clayton Municipal Airpark; Clayton; NM; USA; 36.445858; -103.154655; 0.43738508; 0.4328208; 2
CAR; Caribou Municipal; Caribou; ME; USA; 46.8715; -68.017914; 0.9492844; 0.89112896; 2
CAV; Clarion Municipal; Clarion; IA; USA; 42.741943; -93.75891; 0.58976793; 0.6485317; 2
CBE; Cumberland Regional; Cumberland; MD; USA; 39.615417; -78.760864; 0.82771754; 0.57912695; 2
CBF; Council Bluffs Municipal; Council Bluffs; IA; USA; 41.25947; -95.75997; 0.5594877; 0.59555316; 2
CBG; Cambridge Municipal; Cambridge; MN; USA; 45.558548; -93.26464; 0.59557486; 0.74782324; 2
CBK; Shaltz; Colby; KS; USA; 39.427532; -101.04657; 0.47554716; 0.53438157; 2
CCB; Cable; Upland; CA; USA; 34.11154; -117.68759; 0.18861966; 0.41372806; 2
CCO; Newnan-Coweta County; Newnan; GA; USA; 33.312084; -84.77028; 0.74906147; 0.3338638; 2
CCR; Buchanan; Concord; CA; USA; 37.989655; -122.0569; 0.13837476; 0.5769839; 2
CCY; Charles City Municipal; Charles City; IA; USA; 43.07261; -92.61078; 0.6069342; 0.66104615; 2
CDB; Cold Bay; Cold Bay; AK; USA; 55.2056; -162.72426; 0.15201661; 0.06493056; 2
CDC; Cedar City Muni; Cedar City; UT; USA; 37.70097; -113.09857; 0.27882183; 0.5118171; 2
CDH; Harrell; Camden; AR; USA; 33.6228; -92.7634; 0.61137587; 0.32714957; 2
CDI; Cambridge Municipal; Cambridge; OH; USA; 39.975044; -81.5776; 0.78251815; 0.5792111; 2
CDK; George T Lewis; Cedar Key; FL; USA; 29.137745; -83.04984; 0.7903274; 0.19483042; 2
CDN; Woodward; Camden; SC; USA; 34.283585; -80.56486; 0.8176096; 0.38480073; 2
CDR; Chadron Municipal; Chadron; NE; USA; 42.837555; -103.09541; 0.44835904; 0.6579876; 2
CDV; Merle K (Mudhole) Smith; Cordova; AK; USA; 60.491833; -145.47765; 0.21845344; 0.12920862; 2
CDW; Essex Cty Arpt; Caldwell; NJ; USA; 40.87522; -74.28136; 0.89129347; 0.64687985; 2
CEC; Jack McNamara; Crescent City; CA; USA; 41.78016; -124.236534; 0.12772286; 0.72191405; 2
CEF; Westover AFB; Chicopee; MA; USA; 42.198265; -72.534256; 0.9109822; 0.7029838; 2
CEK; Crete Municipal; Crete; NE; USA; 40.617916; -96.92489; 0.54130167; 0.57299733; 2
CEM; Central; Central; AK; USA; 65.57381; -144.7833; 0.2157844; 0.19162315; 2
CEU; Oconee County Regional; Clemson; SC; USA; 34.672054; -82.886444; 0.77737933; 0.38841397; 2
CEV; Mettel; Connersville; IN; USA; 39.698032; -85.13125; 0.72759426; 0.5569376; 2
CEW; Bob Sikes; Crestview; FL; USA; 30.778833; -86.52211; 0.724284; 0.23958105; 2
CEY; Kyle-Oakley; Murray; KY; USA; 36.664585; -88.37278; 0.6815847; 0.44155753; 2
CEZ; Cortez Muni; Cortez; CO; USA; 37.302998; -108.62807; 0.3496212; 0.47874808; 2
CFD; Coulter; Bryan; TX; USA; 30.715694; -96.33136; 0.5498615; 0.2232042; 2
CFJ; Crawfordsville Municipal; Crawfordsville; IN; USA; 39.975628; -86.91986; 0.6988567; 0.5617048; 2
CFK; Chefornak; Chefornak; AK; USA; 60.149227; -164.28563; 0.15116495; 0.12653893; 2
CFT; Greenlee County; Clifton-Morenci; AZ; USA; 32.952843; -109.21034; 0.32754356; 0.32870328; 2
CFV; Coffeyville Municipal; Coffeyville; KS; USA; 37.094048; -95.57189; 0.56279635; 0.44826174; 2
CGA; Craig SPB; Craig; AK; USA; 55.478832; -133.1478; 0.27262318; 0.08682984; 2
CGC; Crystal River; Crystal River; FL; USA; 28.867277; -82.571304; 0.799729; 0.18748641; 2
CGE; Cambridge-Dorchester; Cambridge; MD; USA; 38.539307; -76.03036; 0.8749098; 0.5560982; 2
CGF; Cuyahoga County; Cleveland; OH; USA; 41.565125; -81.48635; 0.7788718; 0.63511133; 2
CGI; Cape Girardeau Municipal; Cape Girardeau; MO; USA; 37.225315; -89.570755; 0.66106075; 0.45888495; 2
CGS; College Park; College Park; MD; USA; 38.980583; -76.9223; 0.8590054; 0.56645846; 2
CGX; Chicago Meigs; Chicago; IL; USA; 41.858845; -87.60791; 0.6845631; 0.626299; 2
CGZ; Casa Grande Municipal; Casa Grande; AZ; USA; 32.954887; -111.76683; 0.28375697; 0.34011668; 2
CHA; Lovell; Chattanooga; TN; USA; 35.035267; -85.20379; 0.73754144; 0.39285624; 2
CHD; Chandler Municipal; Chandler; AZ; USA; 33.269085; -111.81114; 0.28408802; 0.35125756; 2
CHK; Chickasha Municipal; Chickasha; OK; USA; 35.096146; -97.96619; 0.5226206; 0.37816274; 2
CHO; Charlottesville-Albermarle; Charlottesville; VA; USA; 38.138638; -78.45286; 0.8382104; 0.52927136; 2
CHP; Circle Hot Springs; Circle Hot Springs; AK; USA; 65.48547; -144.61078; 0.21638927; 0.19067413; 2
CHS; Charleston AFB/International; Charleston; SC; USA; 32.898647; -80.040504; 0.8312672; 0.33909684; 2
CHT; Chillicothe Municipal; Chillicothe; MO; USA; 39.782154; -93.49568; 0.5953942; 0.5442122; 2
CHU; Houston County; Caledonia; MN; USA; 43.59636; -91.503944; 0.62311566; 0.68063605; 2
CIC; Chico Municipal; Chico; CA; USA; 39.795383; -121.85842; 0.15165743; 0.6370482; 2
CID; Eastern Iowa; Cedar Rapids; IA; USA; 41.88459; -91.71087; 0.62163275; 0.62012166; 2
CII; Choteau; Choteau; MT; USA; 47.82528; -112.166214; 0.32954782; 0.85849667; 2
CIK; Chalkyitsik; Chalkyitsik; AK; USA; 66.64969; -143.73595; 0.21770263; 0.20540595; 2
CIN; Arthur N Neu; Carroll; IA; USA; 42.046196; -94.789; 0.5743267; 0.6235181; 2
CIR; Cairo; Cairo; IL; USA; 37.064472; -89.21961; 0.66704255; 0.4538827; 2
CIU; Chippewa County International; Sault Ste. Marie; MI; USA; 46.25075; -84.47238; 0.7214012; 0.7880364; 2
CJR; Culpeper Regional; Culpeper; VA; USA; 38.526707; -77.85886; 0.8461121; 0.5457777; 2
CJX; Crooked Creek; Crooked Creek; AK; USA; 61.869022; -158.13712; 0.1739861; 0.14361602; 2
CKB; Benedum; Clarksburg; WV; USA; 39.29664; -80.22808; 0.8058996; 0.5612279; 2
CKC; Grand Marais/Cook County; Grand Marais; MN; USA; 47.838306; -90.38314; 0.6346846; 0.8303704; 2
CKF; Crisp County - Cordele; Cordele; GA; USA; 31.988832; -83.77392; 0.7696693; 0.2911836; 2
CKI; Williamsburg County; Kingstree; SC; USA; 33.717224; -79.85697; 0.8315099; 0.3684569; 2
CKM; Fletcher; Clarksdale; MS; USA; 34.29971; -90.512314; 0.64919966; 0.3539971; 2
CKN; Crookston Muni Kirkwood; Crookston; MN; USA; 47.841694; -96.62162; 0.5470291; 0.8266041; 2
CKP; Cherokee Municipal; Cherokee; IA; USA; 42.731472; -95.55614; 0.56250304; 0.6475133; 2
CKU; Cordova Muni; Cordova; AK; USA; 60.543903; -145.7267; 0.21752432; 0.1296556; 2
CKV; Outlaw; Clarksville; TN; USA; 36.62188; -87.414955; 0.69742507; 0.44232458; 2
CKX; Chicken; Chicken; AK; USA; 64.071335; -141.95229; 0.22617267; 0.17578673; 2
CLE; Cleveland-Hopkins Intl; Cleveland; OH; USA; 41.410892; -81.849396; 0.7738121; 0.62830687; 1
CLI; Clintonville Municipal; Clintonville; WI; USA; 44.61381; -88.73127; 0.662962; 0.72063404; 2
CLK; Clinton Municipal; Clinton; OK; USA; 35.538326; -98.93269; 0.50661707; 0.3944925; 2
CLL; Easterwood; College Station; TX; USA; 30.588589; -96.36382; 0.5492728; 0.21874368; 2
CLM; William R Fairchild Intl; Port Angeles; WA; USA; 48.120193; -123.499695; 0.1761998; 0.9294542; 2
CLP; Clarks Point; Clarks Point; AK; USA; 58.842304; -158.54523; 0.17108288; 0.10660255; 2
CLS; Chehalis-Centralia; Chehalis; WA; USA; 46.67649; -122.979294; 0.17483397; 0.8777178; 2
CLT; Charlotte/Douglas International; Charlotte; NC; USA; 35.214012; -80.94312; 0.80817103; 0.41552478; 1
CLW; Clearwater Air Park; Clearwater; FL; USA; 27.976686; -82.75874; 0.79890996; 0.15585732; 2
CMA; Camarillo; Camarillo; CA; USA; 34.213757; -119.09433; 0.16577604; 0.42668343; 2
CMH; Port Columbus Intl; Columbus; OH; USA; 39.997986; -82.891884; 0.7619264; 0.5749678; 2
CMI; University of Illinois-Willard; Champaign/Urbana; IL; USA; 40.03925; -88.27805; 0.6773966; 0.56075704; 2
CMX; Houghton County Memorial; Hancock; MI; USA; 47.16842; -88.48906; 0.6623402; 0.81021994; 2
CMY; Sparta/Fort McCoy; Sparta; WI; USA; 43.958347; -90.7379; 0.6341617; 0.6943449; 2
CNC; Chariton Municipal; Chariton; IA; USA; 41.019623; -93.35968; 0.59682494; 0.5880344; 2
CNH; Claremont Municipal; Claremont; NH; USA; 43.370434; -72.368675; 0.9074063; 0.7440734; 2
CNK; Blosser Municipal; Concordia; KS; USA; 39.54925; -97.65231; 0.52953565; 0.5354799; 2
CNM; Cavern City Air Terminal; Carlsbad; NM; USA; 32.33747; -104.263275; 0.41161245; 0.29080695; 2
CNO; Chino; Chino; CA; USA; 33.974693; -117.63661; 0.1888209; 0.40868986; 2
CNP; Billy G Ray; Chappell; NE; USA; 41.077473; -102.46406; 0.4553971; 0.5948726; 2
CNU; Chanute Martin Johnson; Chanute; KS; USA; 37.668797; -95.48506; 0.56415665; 0.4686079; 2
CNW; TSTC-Waco; Waco; TX; USA; 31.63783; -97.07414; 0.53684044; 0.25578564; 2
CNY; Canyonlands; Moab; UT; USA; 38.754955; -109.754845; 0.33574522; 0.5338849; 2
COD; Yellowstone Regional; Cody; WY; USA; 44.520195; -109.023796; 0.3638482; 0.7326343; 2
COE; Coeur D'Alene Air Terminal; Coeur D'Alene; ID; USA; 47.774292; -116.819626; 0.2651285; 0.8780908; 2
COI; Merritt Island; Merritt Island; FL; USA; 28.341589; -80.6855; 0.83545953; 0.17807275; 2
COM; Coleman Municipal; Coleman; TX; USA; 31.841139; -99.40361; 0.49595726; 0.26456547; 2
CON; Concord Municipal; Concord; NH; USA; 43.202732; -71.50229; 0.9209098; 0.7438635; 2
COQ; Cloquet-Carlton County; Cloquet; MN; USA; 46.70017; -92.50553; 0.60574716; 0.7883324; 2
COS; City of Colorado Springs Muni; Colorado Springs; CO; USA; 38.805805; -104.70025; 0.41640392; 0.51955813; 2
COT; Cotulla-Lasalle County; Cotulla; TX; USA; 28.458256; -99.22016; 0.49679485; 0.14576507; 2
COU; Columbia Regional; Columbia; MO; USA; 38.818092; -92.21963; 0.6163811; 0.51126474; 2
CPC; Columbus County Municipal; Whiteville; NC; USA; 34.272873; -78.715; 0.8487035; 0.39352977; 2
CPK; Chesapeake Municipal; Norfolk; VA; USA; 36.66562; -76.32066; 0.8784214; 0.48959243; 2
CPM; Compton/Woodley; Compton; CA; USA; 33.890015; -118.24368; 0.17830007; 0.40978777; 2
CPR; Natrona County Intl; Casper; WY; USA; 42.908356; -106.46447; 0.39769483; 0.6684054; 2
CPS; St. Louis Downtown; Cahokia/St. Louis; IL; USA; 38.570724; -90.15622; 0.64975005; 0.505353; 2
CQA; Lakefield; Celina; OH; USA; 40.484085; -84.56011; 0.7346014; 0.58631396; 2
CQB; Chandler Municipal; Chandler; OK; USA; 35.723816; -96.820274; 0.5420517; 0.3998716; 2
CQX; Chatham Municipal; Chatham; MA; USA; 41.6884; -69.989525; 0.95147026; 0.7025429; 2
CRC; Circle City; Circle; AK; USA; 65.83049; -144.0758; 0.21761526; 0.19524735; 2
CRE; Grand Strand; North Myrtle Beach; SC; USA; 33.81175; -78.723946; 0.8502991; 0.37747198; 2
CRG; Craig Municipal; Jacksonville; FL; USA; 30.336334; -81.51444; 0.8141493; 0.24312377; 2
CRO; Corcoran; Corcoran; CA; USA; 36.10245; -119.59485; 0.16722496; 0.49488318; 2
CRP; Corpus Christi International; Corpus Christi; TX; USA; 27.77036; -97.50121; 0.5280457; 0.12042701; 2
CRQ; McClellan-Palomar; Carlsbad; CA; USA; 33.128223; -117.28022; 0.19082914; 0.37726784; 2
CRS; C Davis Campbell -Corsicana Muni; Corsicana; TX; USA; 32.02749; -96.39803; 0.5487877; 0.26934445; 2
CRT; Crossett Municipal; Crossett; AR; USA; 33.178333; -91.88019; 0.62694484; 0.31247467; 2
CRW; Yeager; Charleston; WV; USA; 38.37315; -81.59319; 0.7873503; 0.5231359; 2
CRX; Roscoe Turner; Corinth; MS; USA; 34.914967; -88.603485; 0.6806397; 0.3793776; 2
CSB; Cambridge Municipal; Cambridge; NE; USA; 40.306583; -100.16209; 0.49040428; 0.5642873; 2
CSG; Columbus Metropolitan; Columbus; GA; USA; 32.516335; -84.93886; 0.7481053; 0.30542624; 2
CSM; Clinton-Sherman; Clinton; OK; USA; 35.33984; -99.2005; 0.5019903; 0.38772416; 2
CSQ; Creston Municipal; Creston; IA; USA; 41.02146; -94.36332; 0.5812195; 0.58750725; 2
CSV; Crossville Memorial; Crossville; TN; USA; 35.95129; -85.08498; 0.737332; 0.4254098; 2
CTB; Cut Bank Muni; Cut Bank; MT; USA; 48.608353; -112.376144; 0.32940406; 0.8861282; 2
CTJ; West Georgia Regional; Carrollton; GA; USA; 33.631027; -85.15203; 0.74175936; 0.34375638; 2
CTK; Ingersoll; Canton; IL; USA; 40.569096; -90.07484; 0.6484453; 0.57602465; 2
CTY; Cross City; Cross City; FL; USA; 29.635529; -83.10475; 0.78794; 0.21187872; 2
CTZ; Sampson County; Clinton; NC; USA; 34.975613; -78.36462; 0.8518571; 0.41976672; 2
CUB; Columbia Owens Downtown; Columbia; SC; USA; 33.97047; -80.99525; 0.8114011; 0.37191188; 2
CUH; Cushing Municipal; Cushing; OK; USA; 35.949924; -96.773056; 0.5428798; 0.4078551; 2
CUL; Carmi Municipal; Carmi; IL; USA; 38.089478; -88.12306; 0.6832192; 0.49236238; 2
CUT; Custer County; Custer; SD; USA; 43.733315; -103.61769; 0.4419674; 0.69046175; 2
CVG; Cincinnati Northern Kentucky Intl; Covington; KY; USA; 39.046143; -84.66217; 0.7366032; 0.53550434; 1
CVK; Sharp County Regional; Ash Flat; AR; USA; 36.26487; -91.56264; 0.6294087; 0.421803; 2
CVN; Clovis Municipal; Clovis; NM; USA; 34.42514; -103.07928; 0.43547702; 0.36143404; 2
CVO; Corvallis Muni; Corvallis; OR; USA; 44.497192; -123.28983; 0.15774657; 0.80662066; 2
CVX; Charlevoix Municipal; Charlevoix; MI; USA; 45.30478; -85.27478; 0.71213514; 0.7528534; 2
CWA; Central Wisconsin; Mosinee; WI; USA; 44.77762; -89.66678; 0.6489605; 0.7247081; 2
CWF; Chennault International; Lake Charles; LA; USA; 30.210592; -93.14319; 0.60699373; 0.20675147; 2
CWI; Clinton Municipal; Clinton; IA; USA; 41.831112; -90.32913; 0.6428959; 0.6201116; 2
CWV; Claxton-Evans County; Claxton; GA; USA; 32.195057; -81.86955; 0.80212; 0.306149; 2
CXC; Chitina; Chitina; AK; USA; 61.58286; -144.4271; 0.22102416; 0.14335716; 2
CXE; Chase City Municipal; Chase City; VA; USA; 36.788334; -78.50156; 0.84262365; 0.4820618; 2
CXF; Coldfoot; Coldfoot; AK; USA; 67.25163; -150.20657; 0.19884051; 0.20940876; 2
CXL; Calexico International; Calexico; CA; USA; 32.669502; -115.51333; 0.21872753; 0.35046655; 2
CXO; Montgomery County; Conroe; TX; USA; 30.351833; -95.41447; 0.5662502; 0.2104649; 2
CXP; Carson; Carson City; NV; USA; 39.19223; -119.73436; 0.18099964; 0.60176396; 2
CXU; Camilla-Mitchell County; Camilla; GA; USA; 31.212917; -84.23681; 0.7636121; 0.2623707; 2
CXY; Capital City; Harrisburg; PA; USA; 40.21714; -76.85147; 0.85492486; 0.6096872; 2
CYO; Pickaway County Memorial; Circleville; OH; USA; 39.516006; -82.982155; 0.76189613; 0.55775416; 2
CYS; Cheyenne; Cheyenne; WY; USA; 41.155724; -104.81184; 0.41918436; 0.60256195; 2
CYW; Clay Center Municipal; Clay Center; KS; USA; 39.38714; -97.15721; 0.5373539; 0.5295508; 2
CZD; Cozad Municipal; Cozad; NE; USA; 40.86911; -100.00422; 0.4933786; 0.583971; 2
CZG; Tri-Cities; Endicott; NY; USA; 42.078537; -76.09634; 0.8584449; 0.6780831; 2
CZL; Tom B David; Calhoun; GA; USA; 34.456783; -84.9395; 0.74337906; 0.37341958; 2
CZN; Chisana; Chisana; AK; USA; 62.07119; -142.04837; 0.22848336; 0.15150106; 2
CZT; Dimmit County; Carrizo Springs; TX; USA; 28.522251; -99.82363; 0.48580205; 0.14869058; 2
D04; Bowman Municipal; Bowman; ND; USA; 46.186993; -103.42808; 0.44878104; 0.7759046; 2
D05; Garrison Municipal; Garrison; ND; USA; 47.655945; -101.437225; 0.47915626; 0.82379055; 2
D07; Faith Municipal; Faith; SD; USA; 45.036095; -102.01988; 0.46751943; 0.73325515; 2
D09; Bottineau Municipal; Bottineau; ND; USA; 48.83039; -100.41714; 0.4946414; 0.863259; 2
D19; Quentin Aanenson; Luverne; MN; USA; 43.620804; -96.21864; 0.55249226; 0.6788168; 2
D22; Angola; Angola; NY; USA; 42.660103; -78.99116; 0.81276894; 0.6838414; 2
D25; Manitowish Waters; Manitowish Waters; WI; USA; 46.12197; -89.88233; 0.6439956; 0.7713678; 2
D38; Canandaiga; Canandaiga; NY; USA; 42.907185; -77.321625; 0.8366758; 0.70036197; 2
D42; Springfield Municipal; Springfield; MN; USA; 44.23107; -94.99893; 0.57062864; 0.70040584; 2
D50; Crosby Municipal; Crosby; ND; USA; 48.928516; -103.29725; 0.4550027; 0.8707855; 2
D55; Robertson; Langdon; ND; USA; 48.753017; -98.39333; 0.5225991; 0.8588883; 2
D57; Glen Ullin Municipal; Glen Ullin; ND; USA; 46.812782; -101.86015; 0.47213042; 0.79506207; 2
D60; Tioga Municipal; Tioga; ND; USA; 48.38053; -102.89799; 0.45968917; 0.8511512; 2
D73; Monroe-Walton County; Monroe; GA; USA; 33.781498; -83.69355; 0.76622707; 0.35415542; 2
D77; Lancaster; Lancaster; NY; USA; 42.92228; -78.61225; 0.8174336; 0.6946741; 2
D87; Harbor Springs; Harbor Springs; MI; USA; 45.425564; -84.91338; 0.7170883; 0.7580774; 2
D95; Dupont-Lapeer; Lapeer; MI; USA; 43.06703; -83.272446; 0.74739647; 0.6809739; 2
D98; Romeo; Romeo; MI; USA; 42.79699; -82.975266; 0.7526142; 0.6725694; 2
DAB; Daytona Beach International; Daytona Beach; FL; USA; 29.179916; -81.05805; 0.825989; 0.20520788; 2
DAG; Barstow-Daggett; Daggett; CA; USA; 34.853714; -116.78669; 0.20699543; 0.43357033; 2
DAL; Dallas Love; Dallas; TX; USA; 32.847115; -96.85177; 0.540985; 0.29830682; 2
DAN; Danville Regional; Danville; VA; USA; 36.57286; -79.33611; 0.8298753; 0.4704106; 2
DAW; Skyhaven; Rochester; NH; USA; 43.28406; -70.92925; 0.92881125; 0.75038236; 2
DAY; James M Cox Dayton Intl; Dayton; OH; USA; 39.902374; -84.219376; 0.74140924; 0.56700337; 2
DBN; "W. H. ""Bud"" Barron"; Dublin; GA; USA; 32.564457; -82.98525; 0.7817419; 0.3143562; 2
DBQ; Dubuque Municipal; Dubuque; IA; USA; 42.402958; -90.70917; 0.6363973; 0.6396883; 2
DCA; Ronald Reagan Washington National; Arlington; VA; USA; 38.852085; -77.03772; 0.85772985; 0.56138384; 1
DCK; Dahl Creek; Dahl Creek; AK; USA; 66.94334; -156.90468; 0.17980728; 0.20543694; 2
DCU; Pryor  Regional; Decatur; AL; USA; 34.652645; -86.945366; 0.70907897; 0.3742348; 2
DCY; Daviess County; Washington; IN; USA; 38.700424; -87.12973; 0.69805264; 0.5162705; 2
DDC; Dodge City Regional; Dodge City; KS; USA; 37.763123; -99.96542; 0.49126482; 0.4741757; 2
DDH; William H. Morse State; Bennington; VT; USA; 42.89133; -73.24641; 0.89697474; 0.72230375; 2
DEC; Decatur; Decatur; IL; USA; 39.834564; -88.86569; 0.6684808; 0.5523201; 2
DED; Deland Municipal-Taylor; Deland; FL; USA; 29.06698; -81.28394; 0.8222985; 0.20022708; 2
DEE; Deering; Deering; AK; USA; 66.06821; -162.7666; 0.16226617; 0.19731492; 2
DEH; Decorah Municipal; Decorah; IA; USA; 43.2755; -91.73937; 0.61989176; 0.66907775; 2
DEN; Denver Intl; Denver; CO; USA; 39.85841; -104.667; 0.4189462; 0.5565524; 1
DEQ; J Lynn Helms Sevier County; De Queen; AR; USA; 34.046997; -94.39937; 0.58312255; 0.3409139; 2
DET; Detroit City; Detroit; MI; USA; 42.409195; -83.009865; 0.75319964; 0.65890414; 2
DEW; Deer Park; Deer Park; WA; USA; 47.96664; -117.42667; 0.25768292; 0.8877828; 2
DFI; Defiance Memorial; Defiance; OH; USA; 41.3375; -84.4288; 0.7344717; 0.6166621; 2
DFW; Dallas-Fort Worth International; Dallas-Fort Worth; TX; USA; 32.89595; -97.0372; 0.53777814; 0.3000822; 1
DGW; Converse County; Douglas; WY; USA; 42.79725; -105.385735; 0.4137047; 0.66163975; 2
DHN; Dothan; Dothan; AL; USA; 31.321339; -85.44963; 0.7420253; 0.26191795; 2
DHT; Dalhart Municipal; Dalhart; TX; USA; 36.022587; -102.54728; 0.4468071; 0.41666532; 2
DIK; Dickinson Municipal; Dickinson; ND; USA; 46.79739; -102.801956; 0.4586875; 0.79603547; 2
DKB; Dekalb-Taylor Municipal; Dekalb; IL; USA; 41.93188; -88.7083; 0.6675936; 0.6265198; 2
DKK; Dunkirk Municipal; Dunkirk; NY; USA; 42.493336; -79.27204; 0.8091798; 0.6767825; 2
DKX; Knoxville Downtown Island; Knoxville; TN; USA; 35.963833; -83.87366; 0.7573441; 0.42996597; 2
DLG; Dillingham; Dillingham; AK; USA; 59.045414; -158.50334; 0.17134011; 0.10907823; 2
DLH; Duluth International; Duluth; MN; USA; 46.84209; -92.19365; 0.6100879; 0.79357064; 2
DLL; Baraboo - Wisconsin Dells; Baraboo; WI; USA; 43.521954; -89.770905; 0.64914536; 0.6804917; 2
DLN; Dillon; Dillon; MT; USA; 45.25536; -112.552505; 0.31497085; 0.77166945; 2
DLO; Delano Municipal; Delano; CA; USA; 35.74558; -119.2365; 0.17119497; 0.4801882; 2
DLS; Columbia Gorge Regional; The Dalles; OR; USA; 45.618546; -121.16734; 0.19405083; 0.8301679; 2
DLZ; Delaware Municipal; Delaware; OH; USA; 40.2797; -83.1148; 0.75764364; 0.5840281; 2
DM2; Diomede Heliport; Diomede; AK; USA; 65.75861; -168.95305; 0.14376585; 0.19909775; 2
DMN; Deming Municipal; Deming; NM; USA; 32.26231; -107.72064; 0.3513654; 0.29886222; 2
DMO; Sedalia Memorial; Sedalia; MO; USA; 38.70689; -93.17611; 0.60111964; 0.506434; 2
DMW; Carroll County; Westminster; MD; USA; 39.608276; -77.00767; 0.8550525; 0.5877609; 2
DNL; Daniel; Augusta; GA; USA; 33.466637; -82.03934; 0.7952898; 0.34975183; 2
DNN; Dalton Municipal; Dalton; GA; USA; 34.72175; -84.86911; 0.74391884; 0.38295013; 2
DNS; Denison Municipal; Denison; IA; USA; 41.98643; -95.38072; 0.5652666; 0.6212621; 2
DNV; Vermilion County; Danville; IL; USA; 40.199467; -87.595535; 0.6878234; 0.5679368; 2
DOV; Dover Air Force Base; Dover; DE; USA; 39.13011; -75.46631; 0.8811276; 0.57975066; 2
DPA; Du Page; Chicago/West Chicago; IL; USA; 41.906883; -88.24842; 0.6746738; 0.62658143; 2
DPL; P B Raiford; Kenansville; NC; USA; 35.000065; -77.9817; 0.8581132; 0.4226479; 2
DQH; Douglas Municipal; Douglas; GA; USA; 31.477808; -82.85962; 0.78703713; 0.2769698; 2
DRI; Beauregard Parish; De Ridder; LA; USA; 30.831528; -93.33964; 0.60311013; 0.22837305; 2
DRO; Durango-La Plata County; Durango; CO; USA; 37.151516; -107.75377; 0.36342588; 0.47034305; 2
DRT; Del Rio International; Del Rio; TX; USA; 29.371813; -100.92323; 0.4666105; 0.17994004; 2
DSM; Des Moines International; Des Moines; IA; USA; 41.53493; -93.66068; 0.5918796; 0.606022; 2
DSV; Dansville Muni; Dansville; NY; USA; 42.5709; -77.71305; 0.83220726; 0.6867971; 2
DTA; Delta Municipal; Delta; UT; USA; 39.38329; -112.50967; 0.2943645; 0.5675956; 2
DTL; Detroit Lakes -Wething; Detroit Lakes; MN; USA; 46.825207; -95.88569; 0.55739963; 0.7911493; 2
DTN; Shreveport Downtown; Shreveport; LA; USA; 32.54022; -93.745026; 0.5950515; 0.28816473; 2
DTO; Denton Municipal; Denton; TX; USA; 33.20072; -97.197975; 0.5350701; 0.31088316; 2
DTS; Destin-Ft. Walton Beach; Destin; FL; USA; 30.40006; -86.47147; 0.725971; 0.22649819; 2
DTW; Detroit Metropolitan-Wayne County; Detroit; MI; USA; 42.21206; -83.34884; 0.748626; 0.65084064; 1
DUA; Eaker; Durant; OK; USA; 33.942265; -96.394516; 0.54901564; 0.336852; 2
DUC; Halliburton; Duncan; OK; USA; 34.470875; -97.95986; 0.522457; 0.35607272; 2
DUG; Bisbee Douglas International; Douglas Bisbee; AZ; USA; 31.469028; -109.60367; 0.31637266; 0.2785977; 2
DUJ; Du Bois-Jefferson Cty; Du Bois; PA; USA; 41.178265; -78.8987; 0.8197024; 0.6328143; 2
DUT; Unalaska; Unalaska; AK; USA; 53.90014; -166.5435; 0.13459015; 0.0534755; 2
DUX; Moore County; Dumas; TX; USA; 35.85793; -102.0131; 0.45546618; 0.4098643; 2
DUY; Kongiganak; Kongiganak; AK; USA; 59.959507; -162.88173; 0.15599145; 0.12299681; 2
DVK; Stuart Powell; Danville; KY; USA; 37.577915; -84.76969; 0.7385287; 0.48357755; 2
DVL; Devils Lake Municipal-Knoke; Devils Lake; ND; USA; 48.114246; -98.908775; 0.51505566; 0.8370776; 2
DVN; Davenport Municipal; Davenport; IA; USA; 41.61028; -90.588326; 0.6391812; 0.61193734; 2
DVO; Gnoss; Novato; CA; USA; 38.14352; -122.55722; 0.13145865; 0.5859553; 2
DVT; Phoenix-Deer Valley; Phoenix; AZ; USA; 33.688316; -112.08256; 0.28094602; 0.3671562; 2
DWH; David Wayne Hooks Memorial; Houston; TX; USA; 30.061861; -95.55278; 0.5638024; 0.20026714; 2
DWU; Ashland-Boyd County; Ashland; KY; USA; 38.5545; -82.738; 0.7685434; 0.5249728; 2
DXE; Dexter Municipal; Dexter; MO; USA; 36.77747; -89.94117; 0.65560144; 0.44240183; 2
DXR; Danbury Municipal; Danbury; CT; USA; 41.371536; -73.48219; 0.900971; 0.6687639; 2
DXX; Madison-Lac Qui Parle County; Madison; MN; USA; 44.98624; -96.177734; 0.5531583; 0.72679734; 2
DYB; Summerville; Summerville; SC; USA; 33.063446; -80.279335; 0.82661486; 0.3436696; 2
DYL; Doylestown; Doylestown; PA; USA; 40.33305; -75.12234; 0.88099205; 0.62326944; 2
DYR; Dyersburg Municipal; Dyersburg; TN; USA; 35.99851; -89.40608; 0.6655377; 0.41590637; 2
DYT; Sky Harbor; Duluth; MN; USA; 46.72186; -92.04344; 0.6123339; 0.78952575; 2
E01; Monahans-Roy Hurd Memorial; Monahans; TX; USA; 31.582466; -102.90904; 0.4340466; 0.2611189; 2
E04; Eunice; Eunice; NM; USA; 32.45679; -103.24047; 0.4296084; 0.29254448; 2
E05; Hatch Muni; Hatch; NM; USA; 32.66106; -107.19794; 0.3614175; 0.31096035; 2
E06; Lea County-Zip Franklin Memorial; Lovington; NM; USA; 32.953945; -103.408775; 0.42749107; 0.31039393; 2
E07; Lea County/Tatum; Tatum; NM; USA; 33.261223; -103.27689; 0.43026164; 0.32090056; 2
E11; Andrews County; Andrews; TX; USA; 32.331112; -102.529526; 0.4417951; 0.2866146; 2
E15; Graham Municipal; Graham; TX; USA; 33.11022; -98.555275; 0.51157343; 0.3084733; 2
E19; Gruver Municipal; Gruver; TX; USA; 36.233727; -101.43219; 0.4655952; 0.42214823; 2
E24; Whiteriver; Whiteriver; AZ; USA; 33.81255; -109.98676; 0.31686217; 0.36193746; 2
E25; Wickenburg Municipal; Wickenburg; AZ; USA; 33.968918; -112.798515; 0.26986963; 0.38047272; 2
E26; Lea County; Jal; NM; USA; 32.131077; -103.154854; 0.43058556; 0.28091413; 2
E35; Fabens; Fabens; TX; USA; 31.515673; -106.1472; 0.37703168; 0.26740742; 2
E38; Alpine-Casparis Municipal; Alpine; TX; USA; 30.384222; -103.683586; 0.4184121; 0.2209121; 2
E42; Spearman Municipal; Spearman; TX; USA; 36.221; -101.1945; 0.46952215; 0.42132705; 2
E51; Bagdad; Bagdad; AZ; USA; 34.59585; -113.1702; 0.26597172; 0.4041568; 2
E52; Oldham County; Vega; TX; USA; 35.232; -102.39909; 0.44815394; 0.3884954; 2
E60; Eloy Municipal; Eloy; AZ; USA; 32.807007; -111.58679; 0.28633016; 0.33410954; 2
E63; Gila Bend Municipal; Gila Bend; AZ; USA; 32.9581; -112.678215; 0.2682027; 0.34475112; 2
E80; Alexander Municipal; Belen; NM; USA; 34.6452; -106.833694; 0.37243515; 0.37928468; 2
E89; Conchas State Park; Conchas Dam; NM; USA; 35.366714; -104.188034; 0.41837874; 0.39713037; 2
E91; Chinle Municipal; Chinle; AZ; USA; 36.11088; -109.575424; 0.33069697; 0.44060165; 2
E94; Glenwood-Catron County; Glenwood; NM; USA; 33.35284; -108.86729; 0.33456296; 0.34130973; 2
E95; Benson Municipal; Benson; AZ; USA; 31.999722; -110.35722; 0.30487716; 0.30034816; 2
EAA; Eagle; Eagle; AK; USA; 64.77639; -141.15092; 0.22768621; 0.18507916; 2
EAN; Phifer Airfield; Wheatland; WY; USA; 42.055527; -104.93275; 0.41908422; 0.63448393; 2
EAR; Kearney Municipal; Kearney; NE; USA; 40.727028; -99.006775; 0.5088193; 0.5779866; 2
EAT; Pangborn Memorial; Wenatchee; WA; USA; 47.39886; -120.20683; 0.21684392; 0.88430136; 2
EAU; Chippewa Valley Regional; Eau Claire; WI; USA; 44.865257; -91.48507; 0.6221419; 0.7252061; 2
EBS; Webster City Municipal; Webster City; IA; USA; 42.436638; -93.86886; 0.5882433; 0.63770556; 2
ECG; Elizabeth City CG Air Station/Municipal; Elizabeth City; NC; USA; 36.260574; -76.1746; 0.88254136; 0.47641551; 2
ECS; Mondell; Newcastle; WY; USA; 43.885452; -104.31792; 0.4318099; 0.69727147; 2
EDE; Edenton Municipal; Edenton; NC; USA; 36.027737; -76.56709; 0.8771551; 0.46609998; 2
EDN; Enterprise Municipal; Enterprise; AL; USA; 31.299723; -85.899864; 0.7341553; 0.25970626; 2
EED; Needles; Needles; CA; USA; 34.766193; -114.62329; 0.24244374; 0.41784066; 2
EEK; Eek; Eek; AK; USA; 60.215904; -162.00562; 0.15936935; 0.12545067; 2
EEN; Dillant-Hopkins; Keene; NH; USA; 42.8984; -72.27078; 0.91126966; 0.72857356; 2
EEO; Meeker; Meeker; CO; USA; 40.048862; -107.88591; 0.36885843; 0.57249063; 2
EET; Shelby County; Alabaster; AL; USA; 33.17781; -86.78323; 0.7148056; 0.32286507; 2
EFC; Belle Fourche Municipal; Belle Fourche; SD; USA; 44.734207; -103.86199; 0.44005027; 0.72602075; 2
EFD; Ellington; Houston; TX; USA; 29.607334; -95.15875; 0.5709653; 0.1844117; 2
EFK; Newport State; Newport; VT; USA; 44.888798; -72.22916; 0.90160227; 0.7966622; 2
EFT; Monroe Municipal; Monroe; WI; USA; 42.61494; -89.59076; 0.653119; 0.64891434; 2
EFW; Jefferson Municipal; Jefferson; IA; USA; 42.010166; -94.34258; 0.5811808; 0.622421; 2
EGE; Eagle County Regional; Eagle; CO; USA; 39.642567; -106.917694; 0.38303694; 0.55513847; 2
EGQ; Emmetsburg Municipal; Emmetsburg; IA; USA; 43.10202; -94.70467; 0.575318; 0.66076875; 2
EGT; Wellington Municipal; Wellington; KS; USA; 37.32441; -97.38732; 0.5330608; 0.45666432; 2
EGV; Eagle River Union; Eagle River; WI; USA; 45.931797; -89.269066; 0.6531052; 0.765739; 2
EHA; Elkhart-Morton County; Elkhart; KS; USA; 37.00188; -101.882126; 0.4591325; 0.45001704; 2
EHO; Shelby Municipal; Shelby; NC; USA; 35.255554; -81.601; 0.79709786; 0.41409492; 2
EHR; Henderson City-County; Henderson; KY; USA; 37.807842; -87.68569; 0.6907949; 0.48345184; 2
EII; Egegik; Egegik; AK; USA; 58.188374; -157.38098; 0.17519894; 0.0981282; 2
EIW; County Memorial; New Madrid; MO; USA; 36.535313; -89.59972; 0.6615614; 0.43447697; 2
EKA; Murray; Eureka; CA; USA; 40.80339; -124.11279; 0.12357855; 0.6879777; 2
EKM; Elkhart Municipal; Elkhart; IN; USA; 41.719357; -86.001686; 0.7094373; 0.62542224; 2
EKN; Elkins-Randolph Co-Jennings Randolph; Elkins; WV; USA; 38.889446; -79.85714; 0.8131708; 0.5486959; 2
EKO; Elko Regional; Elko; NV; USA; 40.824924; -115.791695; 0.2493394; 0.634174; 2
EKQ; Wayne County; Monticello; KY; USA; 36.855278; -84.85614; 0.7389026; 0.45790797; 2
EKX; Elizabethtown; Elizabethtown; KY; USA; 37.686943; -85.923775; 0.71957964; 0.48386377; 2
EKY; Bessemer Municipal; Bessemer; AL; USA; 33.312885; -86.92592; 0.7120817; 0.32720804; 2
ELA; Eagle Lake Municipal; Eagle Lake; TX; USA; 29.603014; -96.32249; 0.5499411; 0.18416357; 2
ELD; South Arkansas Regional At Goodwin; El Dorado; AR; USA; 33.220863; -92.813255; 0.6108015; 0.3129291; 2
ELI; Elim; Elim; AK; USA; 64.614006; -162.27007; 0.16240959; 0.17931563; 2
ELK; Elk City Municipal; Elk City; OK; USA; 35.42941; -99.39426; 0.49880302; 0.39107877; 2
ELM; Elmira/Corning Regional; Elmira; NY; USA; 42.159912; -76.89144; 0.8461803; 0.67671186; 2
ELN; Bowers; Ellensburg; WA; USA; 47.033028; -120.53069; 0.21047962; 0.87393427; 2
ELO; Ely Municipal; Ely; MN; USA; 47.824547; -91.830734; 0.6143736; 0.8281271; 2
ELP; El Paso International; El Paso; TX; USA; 31.806667; -106.37781; 0.37364754; 0.27832478; 2
ELV; Elfin Cove SPB; Elfin Cove; AK; USA; 58.195183; -136.3474; 0.25479117; 0.11268389; 2
ELY; Ely Arpt (Yelland); Ely; NV; USA; 39.299694; -114.84189; 0.25754678; 0.5762649; 2
ELZ; Wellsville Muni Tarantine; Wellsville; NY; USA; 42.109512; -77.99195; 0.82986027; 0.6694579; 2
EMM; Kemmerer Municipal; Kemmerer; WY; USA; 41.824947; -110.55906; 0.3328007; 0.6443559; 2
EMP; Emporia Municipal; Emporia; KS; USA; 38.33211; -96.19117; 0.55268097; 0.49204385; 2
EMT; El Monte; El Monte; CA; USA; 34.08601; -118.03484; 0.18272297; 0.41512984; 2
EMV; Emporia-Greensville Regional; Emporia; VA; USA; 36.686916; -77.4828; 0.85953027; 0.4838745; 2
ENA; Kenai Municipal; Kenai; AK; USA; 60.572; -151.24753; 0.19791499; 0.12725198; 2
ENL; Centralia Municipal; Centralia; IL; USA; 38.514797; -89.09218; 0.6669199; 0.5053146; 2
ENM; Emmonak; Emmonak; AK; USA; 62.785187; -164.49104; 0.1534602; 0.15876883; 2
ENN; Nenana Municipal; Nenana; AK; USA; 64.54898; -149.0735; 0.20349234; 0.17677754; 2
ENV; Wendover; Wendover; UT; USA; 40.718697; -114.03089; 0.2758373; 0.6213375; 2
ENW; Kenosha Regional; Kenosha; WI; USA; 42.595707; -87.9278; 0.67835766; 0.651482; 2
EOK; Keokuk Municipal; Keokuk; IA; USA; 40.459908; -91.4285; 0.627401; 0.5701988; 2
EOS; Neosho Memorial; Neosho; MO; USA; 36.810806; -94.39169; 0.58227307; 0.43859297; 2
EPH; Ephrata Muni; Ephrata; WA; USA; 47.307583; -119.51589; 0.22585483; 0.87712324; 2
EPM; Eastport Municipal; Eastport; ME; USA; 44.91011; -67.012695; 0.97521466; 0.8327942; 2
EQA; Captain Jack Thomas; El Dorado; KS; USA; 37.77411; -96.81763; 0.542466; 0.47239208; 2
EQY; Monroe; Monroe; NC; USA; 35.018845; -80.62023; 0.8141961; 0.41017842; 2
ERI; Erie Intl; Erie; PA; USA; 42.08202; -80.176216; 0.79703915; 0.6585196; 2
ERV; Kerrville Muni/Louis Schreiner; Kerrville; TX; USA; 29.976734; -99.08568; 0.5002806; 0.1987679; 2
ERY; Luce County Hale; Newberry; MI; USA; 46.311188; -85.45731; 0.70717144; 0.7873656; 2
ESC; Delta County; Escanaba; MI; USA; 45.72267; -87.093735; 0.6848888; 0.76281184; 2
ESF; Esler Regional; Alexandria; LA; USA; 31.394903; -92.29577; 0.6212206; 0.24921024; 2
ESN; Easton /Newnam; Easton; MD; USA; 38.804165; -76.069; 0.87314427; 0.5650449; 2
EST; Estherville Municipal; Estherville; IA; USA; 43.407444; -94.746414; 0.57460386; 0.6715097; 2
ETB; West Bend Municipal; West Bend; WI; USA; 43.422195; -88.12793; 0.6738965; 0.68007123; 2
ETC; Edgecombe County; Tarboro; NC; USA; 35.9371; -77.54664; 0.8615315; 0.4575103; 2
ETH; Wheaton Municipal; Wheaton; MN; USA; 45.78046; -96.54354; 0.5478827; 0.75466716; 2
ETN; Eastland Municipal; Eastland; TX; USA; 32.41349; -98.80975; 0.50674284; 0.28413594; 2
EUF; Weedon; Eufaula; AL; USA; 31.951319; -85.12892; 0.74616206; 0.2850142; 2
EUG; Mahlon Sweet; Eugene; OR; USA; 44.12326; -123.21869; 0.1565537; 0.79351366; 2
EUL; Caldwell Industrial; Caldwell (Boise); ID; USA; 43.64186; -116.63578; 0.24916889; 0.7358829; 2
EVB; New Smyrna Beach Municipal; New Smyrna Beach; FL; USA; 29.055805; -80.948364; 0.82836264; 0.20144516; 2
EVM; Eveleth-Virginia Muni; Eveleth; MN; USA; 47.42508; -92.49847; 0.60529584; 0.81359744; 2
EVU; Maryville Memorial; Maryville; MO; USA; 40.3526; -94.91553; 0.57279253; 0.56366473; 2
EVV; Evansville Regional; Evansville; IN; USA; 38.03799; -87.530624; 0.6928767; 0.4919374; 2
EVW; Evanston-Uinta County Burns; Evanston; WY; USA; 41.274944; -111.03213; 0.32380104; 0.62708026; 2
EVY; Summit Airpark; Middletown; DE; USA; 39.52039; -75.72044; 0.8754284; 0.59178436; 2
EWB; New Bedford Municipal; New Bedford; MA; USA; 41.67614; -70.95694; 0.9371686; 0.6954584; 2
EWK; Newton-City-County; Newton; KS; USA; 38.057106; -97.27523; 0.53510165; 0.48254228; 2
EWN; Craven County Regional; New Bern; NC; USA; 35.07297; -77.042946; 0.87335837; 0.4303369; 2
EWR; Newark Intl; Newark; NJ; USA; 40.692497; -74.16866; 0.8938759; 0.64126503; 1
EWU; Newtok; Newtok; AK; USA; 60.938656; -164.64122; 0.15081793; 0.13647133; 2
EXI; Excursion Inlet SPB; Excursion Inlet; AK; USA; 58.420498; -135.44904; 0.25764444; 0.116906464; 2
EXX; Davidson County; Lexington; NC; USA; 35.78114; -80.30378; 0.81683785; 0.43822283; 2
EYE; Eagle Creek Airpark; Indianapolis; IN; USA; 39.830708; -86.29438; 0.70899004; 0.5582491; 2
EYW; Key West International; Key West; FL; USA; 24.55611; -81.75955; 0.827648; 0.042816877; 2
EZI; Kewanee Municipal; Kewanee; IL; USA; 41.205204; -89.96386; 0.6493327; 0.59863883; 2
EZM; Eastman-Dodge County; Eastman; GA; USA; 32.21425; -83.12803; 0.78026634; 0.30156302; 2
EZZ; Cameron Memorial; Cameron; MO; USA; 39.72756; -94.276375; 0.5830634; 0.54181874; 2
F00; Jones; Bonham; TX; USA; 33.61172; -96.17939; 0.5526843; 0.32516724; 2
F01; Quanah Municipal; Quanah; TX; USA; 34.277084; -99.75927; 0.49172524; 0.35078508; 2
F05; Vernon - Wilbarger County; Vernon; TX; USA; 34.22567; -99.28375; 0.4997854; 0.3484646; 2
F06; Marian Airpark; Wellington; TX; USA; 34.84561; -100.195946; 0.48481637; 0.3713724; 2
F08; Eufaula Municipal; Eufaula; OK; USA; 35.295933; -95.62527; 0.5620688; 0.38466662; 2
F10; Henryetta Municipal; Henryetta; OK; USA; 35.40688; -96.01583; 0.5555016; 0.38856745; 2
F12; Rusk County; Henderson; TX; USA; 32.141724; -94.85172; 0.5758736; 0.27354687; 2
F17; Center Municipal; Center; TX; USA; 31.831583; -94.15642; 0.5881727; 0.2629534; 2
F18; Cleburne Municipal; Cleburne; TX; USA; 32.353764; -97.43375; 0.5307299; 0.28112853; 2
F21; Memphis Municipal; Memphis; TX; USA; 34.73959; -100.5297; 0.47907105; 0.36806756; 2
F22; Perry Municipal; Perry; OK; USA; 36.385597; -97.277214; 0.5345981; 0.4234141; 2
F24; Minden-Webster; Minden; LA; USA; 32.64601; -93.29809; 0.60277283; 0.2922334; 2
F28; El Reno Municipal; El Reno; OK; USA; 35.471638; -98.006; 0.5221157; 0.39145517; 2
F29; Clarence E. Page Municipal; Oklahoma City; OK; USA; 35.488083; -97.82355; 0.5251826; 0.39193255; 2
F30; Sulphur Municipal; Sulphur; OK; USA; 34.524532; -96.98974; 0.5389563; 0.35753655; 2
F31; Lake Texoma State Park; Kingston; OK; USA; 33.992878; -96.642494; 0.54477894; 0.3386776; 2
F32; Healdton Municipal; Healdton; OK; USA; 34.24926; -97.473915; 0.5306436; 0.34799552; 2
F36; Cordell Municipal; Cordell; OK; USA; 35.30422; -98.96702; 0.5058887; 0.38625115; 2
F37; Wauchula Municipal; Wauchula; FL; USA; 27.513649; -81.88064; 0.81633747; 0.1437918; 2
F39; Grayson County; Sherman/Denison; TX; USA; 33.71411; -96.67367; 0.5442045; 0.32884467; 2
F41; Ennis Municipal; Ennis; TX; USA; 32.329693; -96.66389; 0.5441701; 0.2800306; 2
F44; Athens Jones Municipal; Athens; TX; USA; 32.16385; -95.828354; 0.5587722; 0.2741258; 2
F45; North Palm Beach County General Aviation; West Palm Beach; FL; USA; 26.845373; -80.22148; 0.8489722; 0.12894642; 2
F46; Rockwall Municipal; Rockwall; TX; USA; 32.930595; -96.435486; 0.54821754; 0.30116725; 2
F49; Slaton Municipal; Slaton; TX; USA; 33.48481; -101.66071; 0.45837697; 0.325575; 2
F51; Winnsboro Municipal; Winnsboro; TX; USA; 32.938847; -95.27886; 0.56826824; 0.30150896; 2
F53; Franklin County; Mount Vernon; TX; USA; 33.215305; -95.237495; 0.568939; 0.31126672; 2
F55; Granbury Municipal; Granbury; TX; USA; 32.444416; -97.81695; 0.52407503; 0.28451437; 2
F56; Arledge; Stamford; TX; USA; 32.910194; -99.73423; 0.49102777; 0.30256313; 2
F70; French Valley; Murieta/Temecula; CA; USA; 33.576057; -117.127975; 0.19546281; 0.3916945; 2
F80; Atoka Municipal; Atoka; OK; USA; 34.39834; -96.148056; 0.5532484; 0.35293514; 2
F81; Okemah Flying; Okemah; OK; USA; 35.429253; -96.28778; 0.5509367; 0.38937056; 2
F84; Stigler Municipal; Stigler; OK; USA; 35.289104; -95.093895; 0.5710052; 0.3845269; 2
F85; Morton-Cochran County; Morton; TX; USA; 33.729263; -102.73382; 0.44030526; 0.33620846; 2
F87; Farmerville; Farmerville; LA; USA; 32.724957; -92.337166; 0.6194192; 0.2959572; 2
F88; Jonesboro; Jonesboro; LA; USA; 32.201992; -92.73293; 0.6129202; 0.27712053; 2
F89; Winnsboro Municipal; Winnsboro; LA; USA; 32.15432; -91.70013; 0.63102186; 0.27665585; 2
F91; Thomas P Stafford; Weatherford; OK; USA; 35.54483; -98.66849; 0.5110476; 0.39450234; 2
F99; Holdenville Municipal; Holdenville; OK; USA; 35.085876; -96.416664; 0.54874164; 0.3772477; 2
FAI; Fairbanks International; Fairbanks; AK; USA; 64.813675; -147.85966; 0.20709296; 0.18054336; 1
FAM; Farmington Regional; Farmington; MO; USA; 37.761078; -90.4286; 0.6463702; 0.47631264; 2
FAR; Hector International; Fargo; ND; USA; 46.91935; -96.81499; 0.5441475; 0.79451627; 2
FAT; Fresno Yosemite International; Fresno; CA; USA; 36.776196; -119.71814; 0.168728; 0.51882696; 2
FAY; Fayetteville Municipal; Fayetteville; NC; USA; 34.99147; -78.88; 0.8432398; 0.41765052; 2
FBL; Faribault Municipal; Faribault; MN; USA; 44.324684; -93.31083; 0.59562945; 0.7045147; 2
FBR; Fort Bridger; Fort Bridger; WY; USA; 41.391937; -110.4068; 0.3337452; 0.62864476; 2
FBY; Fairbury Municipal; Fairbury; NE; USA; 40.182972; -97.16928; 0.53736734; 0.55769515; 2
FCA; Glacier Park Intl; Kalispell; MT; USA; 48.311405; -114.255066; 0.30256936; 0.8839902; 2
FCH; Fresno-Chandler Downtown; Fresno; CA; USA; 36.732365; -119.81989; 0.16687424; 0.5180249; 2
FCI; Chesterfield County; Richmond; VA; USA; 37.406536; -77.52499; 0.85593; 0.5086262; 2
FCM; Flying Cloud; Minneapolis; MN; USA; 44.82724; -93.457146; 0.593181; 0.72205746; 2
FCY; Forrest City Municipal; Forrest City; AR; USA; 34.941998; -90.77496; 0.64399296; 0.37622678; 2
FDK; Frederick Municipal; Frederick; MD; USA; 39.417583; -77.374306; 0.85012877; 0.5792178; 2
FDR; Frederick Municipal; Frederick; OK; USA; 34.352196; -98.984604; 0.50496686; 0.35264695; 2
FDW; Fairfield County; Winnsboro; SC; USA; 34.31547; -81.1088; 0.8083549; 0.38343096; 2
FDY; Findlay; Findlay; OH; USA; 41.013527; -83.66869; 0.74702513; 0.60780287; 2
FEP; Albertus; Freeport; IL; USA; 42.246265; -89.58224; 0.6537686; 0.63595724; 2
FET; Fremont Municipal; Fremont; NE; USA; 41.44914; -96.520195; 0.5477266; 0.6022805; 2
FFA; First Flight; Kill Devil Hills; NC; USA; 36.018223; -75.67129; 0.8917911; 0.47099376; 2
FFC; Peachtree City - Falcon; Atlanta; GA; USA; 33.35725; -84.57183; 0.7523476; 0.3361318; 2
FFL; Fairfield Municipal; Fairfield; IA; USA; 41.053326; -91.97892; 0.61825544; 0.5904921; 2
FFM; Fergus Falls Muni-Einar Mickelson; Fergus Falls; MN; USA; 46.284393; -96.156685; 0.55351174; 0.77226174; 2
FFT; Capital City; Frankfort; KY; USA; 38.182487; -84.9047; 0.7348639; 0.5043876; 2
FFZ; Falcon; Mesa; AZ; USA; 33.460835; -111.72833; 0.2861588; 0.35753125; 2
FGX; Fleming-Mason; Flemingsburg; KY; USA; 38.541805; -83.743385; 0.75254047; 0.52087605; 2
FHR; Friday Harbor; Friday Harbor; WA; USA; 48.521973; -123.02436; 0.18490139; 0.939664; 2
FHU; Libby AAF-Sierra Vista Municipal; Fort Huachuca-Sierra Vista; AZ; USA; 31.588472; -110.34439; 0.30380884; 0.285982; 2
FIG; Clearfield-Lawrence; Clearfield; PA; USA; 41.048615; -78.4131; 0.82761216; 0.63061774; 2
FIT; Fitchburg Municipal; Fitchburg; MA; USA; 42.554123; -71.75896; 0.9205887; 0.72009206; 2
FKL; Chess-Lamberton; Franklin; PA; USA; 41.377872; -79.86036; 0.80430096; 0.6353861; 2
FKN; Franklin Municipal-John Beverly Rose; Franklin; VA; USA; 36.698177; -76.90313; 0.8688661; 0.4874363; 2
FKR; Frankfort Municipal; Frankfort; IN; USA; 40.27343; -86.56217; 0.70385605; 0.57310736; 2
FLD; Fond Du Lac County; Fond Du Lac; WI; USA; 43.771175; -88.48843; 0.6679231; 0.69157684; 2
FLG; Flagstaff Pulliam; Flagstaff; AZ; USA; 35.138454; -111.67122; 0.29289705; 0.41569662; 2
FLL; Fort Lauderdale-Hollywood Int'l; Ft. Lauderdale; FL; USA; 26.072584; -80.15275; 0.8528826; 0.10281032; 2
FLO; Florence Regional; Florence; SC; USA; 34.18536; -79.72389; 0.8320904; 0.38539422; 2
FLP; Marion County Regional; Flippin; AR; USA; 36.290874; -92.59023; 0.6123439; 0.4215352; 2
FLT; Flat; Flat; AK; USA; 62.45265; -157.98907; 0.17474687; 0.15073162; 2
FLX; Fallon Municipal; Fallon; NV; USA; 39.499546; -118.74902; 0.19778202; 0.60590744; 2
FME; Tipton; Odenton; MD; USA; 39.08539; -76.759415; 0.8611171; 0.57096994; 2
FMN; Four Corners Regional; Farmington; NM; USA; 36.74125; -108.22994; 0.35457107; 0.4576065; 2
FMY; Page; Ft. Myers; FL; USA; 26.58661; -81.86325; 0.8194939; 0.11194539; 2
FMZ; Fairmont State; Fairmont; NE; USA; 40.585693; -97.57306; 0.53115356; 0.57208323; 2
FNB; Brenner; Falls City; NE; USA; 40.078785; -95.591995; 0.5621975; 0.55384415; 2
FNL; Fort Collins-Loveland; Fort Collins/Loveland; CO; USA; 40.451828; -105.01134; 0.41470456; 0.5782901; 2
FNR; Funter Bay SPB; Funter Bay; AK; USA; 58.254387; -134.8979; 0.25999746; 0.11593354; 2
FNT; Bishop; Flint; MI; USA; 42.965504; -83.743454; 0.74061775; 0.67585504; 2
FOA; Flora; Flora; IL; USA; 38.664944; -88.452995; 0.67693424; 0.5119282; 2
FOD; Fort Dodge Municipal; Fort Dodge; IA; USA; 42.551456; -94.19255; 0.58326566; 0.6415813; 2
FOE; Forbes; Topeka; KS; USA; 38.95095; -95.66361; 0.5611525; 0.51394856; 2
FOK; Francis Gabreski; Westhampton Beach; NY; USA; 40.843655; -72.63179; 0.9164413; 0.6559807; 2
FOT; Rohnerville; Fortuna; CA; USA; 40.553936; -124.13266; 0.121756725; 0.6796979; 2
FPR; St. Lucie County International; Ft. Pierce; FL; USA; 27.495056; -80.36828; 0.84407103; 0.15051323; 2
FQD; Rutherford County-Marchman; Rutherfordton; NC; USA; 35.428223; -81.93508; 0.79100627; 0.4187178; 2
FRG; Republic; Farmingdale; NY; USA; 40.728783; -73.41341; 0.90517646; 0.6471174; 2
FRH; French Lick Municipal; French Lick; IN; USA; 38.50622; -86.63693; 0.7063334; 0.5107112; 2
FRM; Fairmont Municipal; Fairmont; MN; USA; 43.64394; -94.41562; 0.5794918; 0.6799581; 2
FRR; Front Royal-Warren County; Front Royal; VA; USA; 38.917534; -78.25352; 0.8383475; 0.5573535; 2
FSD; Joe Foss; Sioux Falls; SD; USA; 43.581352; -96.7417; 0.54465073; 0.6774951; 2
FSE; Fosston Municipal; Fosston; MN; USA; 47.59282; -95.7735; 0.5589637; 0.8179052; 2
FSK; Fort Scott Municipal; Fort Scott; KS; USA; 37.79843; -94.76938; 0.57578063; 0.4733746; 2
FSM; Fort Smith Regional; Fort Smith; AR; USA; 35.33659; -94.36744; 0.5832039; 0.3864801; 2
FSO; Franklin County State; Highgate; VT; USA; 44.94028; -73.09746; 0.8889641; 0.7931858; 2
FST; Fort Stockton - Pecos County; Fort Stockton; TX; USA; 30.915667; -102.91614; 0.43291068; 0.23775119; 2
FSU; Fort Sumner Municipal; Fort Sumner; NM; USA; 34.4834; -104.21719; 0.41629186; 0.36610657; 2
FSW; Fort Madison Municipal; Fort Madison; IA; USA; 40.659264; -91.32682; 0.6287876; 0.5773667; 2
FTG; Front Range; Denver; CO; USA; 39.78525; -104.54314; 0.4207585; 0.5536774; 2
FTT; Elton Hensley Memorial; Fulton; MO; USA; 38.839874; -92.00421; 0.6198139; 0.51227283; 2
FTW; Fort Worth Meacham International; Fort Worth; TX; USA; 32.81978; -97.36244; 0.5321146; 0.2975173; 2
FTY; Fulton County - Brown; Atlanta; GA; USA; 33.77914; -84.52136; 0.7521477; 0.35108596; 2
FUL; Fullerton Municipal; Fullerton; CA; USA; 33.872013; -117.97978; 0.18261133; 0.4074127; 2
FVE; Northern Aroostook Regional; Frenchville; ME; USA; 47.285503; -68.31275; 0.9427974; 0.9029081; 2
FVX; Farmville Municipal; Farmville; VA; USA; 37.35753; -78.4378; 0.84146225; 0.5021807; 2
FWA; Fort Wayne International; Fort Wayne; IN; USA; 40.978466; -85.195145; 0.72354263; 0.6017128; 2
FWC; Fairfield Municipal; Fairfield; IL; USA; 38.37863; -88.41265; 0.6780597; 0.5019178; 2
FWN; Sussex; Sussex; NJ; USA; 41.200207; -74.62305; 0.88458586; 0.6560538; 2
FWS; Spinks; Fort Worth; TX; USA; 32.565228; -97.308075; 0.53298515; 0.28852463; 2
FXE; Fort Lauderdale Executive; Ft. Lauderdale; FL; USA; 26.19728; -80.17071; 0.85212314; 0.10698694; 2
FXY; Forest City Municipal; Forest City; IA; USA; 43.234734; -93.6241; 0.59155536; 0.66597277; 2
FYE; Fayette County; Somerville; TN; USA; 35.20592; -89.39442; 0.6668859; 0.3879764; 2
FYM; Fayetteville Municipal; Fayetteville; TN; USA; 35.05836; -86.564415; 0.71466565; 0.38955688; 2
FYU; Fort Yukon; Fort Yukon; AK; USA; 66.57149; -145.25041; 0.21343927; 0.20340466; 2
FYV; Fayetteville Municipal; Fayetteville; AR; USA; 36.005096; -94.17006; 0.5862508; 0.41021234; 2
FZG; Fitzgerald Municipal; Fitzgerald; GA; USA; 31.683687; -83.27046; 0.7792766; 0.28248888; 2
FZI; Fostoria Metropolitan; Fostoria; OH; USA; 41.19083; -83.39454; 0.75076133; 0.6149514; 2
FZY; Oswego Cty; Fulton; NY; USA; 43.350777; -76.388054; 0.84862196; 0.720422; 2
GAB; Gabbs; Gabbs; NV; USA; 38.92409; -117.95901; 0.2072228; 0.58116233; 2
GAD; Gadsden Municipal; Gadsden; AL; USA; 33.972626; -86.089005; 0.7250112; 0.3527894; 2
GAF; Grafton Municipal; Grafton; ND; USA; 48.404694; -97.37094; 0.53666335; 0.8463416; 2
GAG; Gage; Gage; OK; USA; 36.29554; -99.77642; 0.49311417; 0.42208773; 2
GAI; Montgomery Co Airpark; Gaithersburg; MD; USA; 39.168335; -77.166; 0.8544075; 0.5716677; 2
GAL; Edward G. Pitka Sr.; Galena; AK; USA; 64.736176; -156.93742; 0.17900503; 0.17845255; 2
GAM; Gambell; Gambell; AK; USA; 63.766766; -171.73282; 0.13187757; 0.17894375; 2
GAS; Gallia - Meigs Regional; Gallipolis; OH; USA; 38.834106; -82.16342; 0.7768469; 0.5369754; 2
GBD; Great Bend Municipal; Great Bend; KS; USA; 38.344418; -98.85917; 0.50961995; 0.4936443; 2
GBG; Galesburg Municipal; Galesburg; IL; USA; 40.938004; -90.43112; 0.64242625; 0.58847034; 2
GBH; Galbraith Lake; Galbraith Lake; AK; USA; 68.479065; -149.49002; 0.2002618; 0.22452682; 2
GBR; Great Barrington; Great Barrington; MA; USA; 42.184216; -73.403244; 0.89815086; 0.6971265; 2
GCC; Gillette-Campbell County; Gillette; WY; USA; 44.3489; -105.53936; 0.41463307; 0.71636474; 2
GCK; Garden City Regional; Garden City; KS; USA; 37.927517; -100.72441; 0.47909972; 0.4809364; 2
GCM; Claremore Regional; Claremore; OK; USA; 36.29442; -95.47967; 0.56440246; 0.4199893; 2
GCN; Grand Canyon National Park; Grand Canyon; AZ; USA; 35.952354; -112.146965; 0.28787833; 0.44630653; 2
GCT; Guthrie County Regional; Guthrie Center; IA; USA; 41.687763; -94.43525; 0.5798713; 0.611003; 2
GCY; Greeneville Municipal; Greeneville; TN; USA; 36.19299; -82.81507; 0.77416784; 0.44194102; 2
GDM; Gardner Municipal; Gardner; MA; USA; 42.549866; -72.01602; 0.91682506; 0.718292; 2
GDV; Dawson Community; Glendive; MT; USA; 47.138718; -104.8072; 0.43079397; 0.81185037; 2
GDW; Gladwin; Gladwin; MI; USA; 43.970634; -84.47504; 0.7271012; 0.7086508; 2
GDY; Grundy Municipal; Grundy; VA; USA; 37.232403; -82.12499; 0.7823466; 0.48105997; 2
GED; Sussex Cty Arpt; Georgetown; DE; USA; 38.689194; -75.35889; 0.8847966; 0.5651405; 2
GEG; Spokane Intl; Spokane; WA; USA; 47.619854; -117.533844; 0.25461048; 0.8765995; 1
GEO; Brown County; Georgetown; OH; USA; 38.881958; -83.88274; 0.7494079; 0.53232884; 2
GEU; Glendale Municipal; Glendale; AZ; USA; 33.527264; -112.29516; 0.27677342; 0.36259955; 2
GEY; South Big Horn County; Greybull; WY; USA; 44.516445; -108.08319; 0.37762138; 0.7294167; 2
GEZ; Shelbyville Municipal; Shelbyville; IN; USA; 39.583164; -85.80481; 0.7172459; 0.55090916; 2
GFK; Grand Forks International; Grand Forks; ND; USA; 47.949257; -97.17611; 0.5392621; 0.83046716; 2
GFL; Floyd D. Bennett; Glens Falls; NY; USA; 43.34121; -73.610306; 0.8894258; 0.73552823; 2
GFZ; Greenfield Municipal; Greenfield; IA; USA; 41.327026; -94.445724; 0.57983345; 0.5982629; 2
GGE; Georgetown County; Georgetown; SC; USA; 33.311695; -79.31958; 0.8420782; 0.35704035; 2
GGF; Grant Municipal; Grant; NE; USA; 40.869526; -101.732864; 0.46647334; 0.5863111; 2
GGG; Gregg County; Longview; TX; USA; 32.38486; -94.71171; 0.5782562; 0.28216255; 2
GGI; Grinnell Municipal; Grinnell; IA; USA; 41.70916; -92.73491; 0.6060406; 0.6128797; 2
GGP; Logansport Municipal; Logansport; IN; USA; 40.71126; -86.3745; 0.7058627; 0.58900106; 2
GGW; Wokal Field/Glasgow Intl; Glasgow; MT; USA; 48.212463; -106.61482; 0.40771127; 0.8533901; 2
GHM; Centerville Municipal; Centerville; TN; USA; 35.83743; -87.44537; 0.6984037; 0.41461742; 2
GHW; Glenwood Municipal; Glenwood; MN; USA; 45.64389; -95.32043; 0.56564575; 0.7499065; 2
GIF; Winter Havens Gilbert; Winter Haven; FL; USA; 28.062916; -81.7533; 0.816972; 0.16333371; 2
GJT; Walker; Grand Junction; CO; USA; 39.122414; -108.52673; 0.3562839; 0.5421912; 2
GKJ; Port Meadville; Meadville; PA; USA; 41.626526; -80.21473; 0.7980339; 0.6425; 2
GKN; Gulkana; Gulkana; AK; USA; 62.15489; -145.45663; 0.21697018; 0.1495241; 2
GKT; Gatlinburg-Pigeon Forge; Sevierville; TN; USA; 35.857758; -83.5287; 0.7633369; 0.42749816; 2
GKY; Arlington Municipal; Arlington; TX; USA; 32.662415; -97.09391; 0.5367384; 0.29186976; 2
GLD; Renner Field/Goodland Municipal; Goodland; KS; USA; 39.37062; -101.69899; 0.4651165; 0.5333606; 2
GLE; Gainesville Municipal; Gainesville; TX; USA; 33.65136; -97.19703; 0.53520525; 0.32677943; 2
GLH; Mid Delta Regional; Greenville; MS; USA; 33.48288; -90.98561; 0.64205116; 0.3244543; 2
GLR; Otsego County; Gaylord; MI; USA; 45.01355; -84.703186; 0.7211487; 0.7443396; 2
GLS; Galveston-Scholes; Galveston; TX; USA; 29.265324; -94.860405; 0.5764401; 0.17252582; 2
GLW; Glasgow Municipal; Glasgow; KY; USA; 37.032055; -85.952614; 0.72056293; 0.46073967; 2
GLY; Clinton Memorial; Clinton; MO; USA; 38.35657; -93.68417; 0.59314096; 0.49367172; 2
GMJ; Grove Municipal; Grove; OK; USA; 36.60527; -94.73856; 0.5766141; 0.43117756; 2
GMU; Greenville Downtown; Greenville; SC; USA; 34.847946; -82.35; 0.78585625; 0.39671552; 2
GNB; Granby-Grand County; Granby; CO; USA; 40.089706; -105.91724; 0.39978185; 0.56793857; 2
GNF; Grenada Municipal; Grenada; MS; USA; 33.83253; -89.798225; 0.6619793; 0.3387987; 2
GNG; Gooding Municipal; Gooding; ID; USA; 42.917168; -114.76516; 0.27361184; 0.7011403; 2
GNT; Grants-Milan Municipal; Grants; NM; USA; 35.165314; -107.90061; 0.35583198; 0.4011581; 2
GNU; Goodnews; Goodnews; AK; USA; 59.117275; -161.58139; 0.15997216; 0.11171454; 2
GNV; Gainesville Regional; Gainesville; FL; USA; 29.690056; -82.271774; 0.80267286; 0.21731031; 2
GOK; Guthrie Municipal; Guthrie; OK; USA; 35.849804; -97.41561; 0.53213704; 0.40452313; 2
GON; Groton-New London; Groton; CT; USA; 41.33006; -72.045135; 0.92276406; 0.6764194; 2
GPH; Clay County Regional; Mosby; MO; USA; 39.330463; -94.309975; 0.5826795; 0.52776057; 2
GPM; Grand Prairie Municipal; Grand Prairie; TX; USA; 32.69858; -97.046524; 0.53757095; 0.29312867; 2
GPT; Gulfport-Biloxi Regional; Gulfport-Biloxi; MS; USA; 30.40728; -89.07009; 0.67963994; 0.21997309; 2
GPZ; Grand Rapids-Itasca County; Grand Rapids; MN; USA; 47.2111; -93.50984; 0.5911099; 0.80538565; 2
GQQ; Galion Municipal; Galion; OH; USA; 40.753387; -82.72381; 0.76234746; 0.60202837; 2
GRB; Austin Straubel International; Green Bay; WI; USA; 44.485073; -88.12959; 0.6720375; 0.71731913; 2
GRD; Greenwood County; Greenwood; SC; USA; 34.248722; -82.15908; 0.7908737; 0.37655807; 2
GRE; Greenville; Greenville; IL; USA; 38.83616; -89.37841; 0.6618523; 0.5161036; 2
GRI; Central Nebraska Regional; Grand Island; NE; USA; 40.967472; -98.30861; 0.5198405; 0.58596605; 2
GRK; Robert Gray AAF; Killeen; TX; USA; 31.064898; -97.8278; 0.523332; 0.23598272; 2
GRN; Gordon Municipal; Gordon; NE; USA; 42.805973; -102.17525; 0.46222427; 0.6552373; 2
GRR; Kent County International; Grand Rapids; MI; USA; 42.88082; -85.522766; 0.7140954; 0.6674768; 2
GSH; Goshen Municipal; Goshen; IN; USA; 41.52716; -85.7921; 0.71307766; 0.6192531; 2
GSO; Piedmont Triad International; Greensboro; NC; USA; 36.097748; -79.937294; 0.821759; 0.45097542; 2
GSP; Greenville-Spartanburg; Greer; SC; USA; 34.895668; -82.21886; 0.7879068; 0.3989218; 2
GST; Gustavus; Gustavus; AK; USA; 58.42438; -135.70738; 0.25669324; 0.1164996; 2
GTF; Great Falls Intl; Great Falls; MT; USA; 47.482002; -111.37068; 0.33943933; 0.84359443; 2
GTR; Golden Triangle Regional; Columbus-Starkville-West Point; MS; USA; 33.450333; -88.59137; 0.6832326; 0.32784724; 2
GTU; Georgetown Municipal; Georgetown; TX; USA; 30.678808; -97.67938; 0.52582324; 0.22233719; 2
GUC; Gunnison County; Gunnison; CO; USA; 38.533962; -106.93318; 0.38012296; 0.5162296; 2
GUP; Gallup Municipal; Gallup; NM; USA; 35.51106; -108.78931; 0.34196115; 0.41653693; 2
GUY; Guymon Municipal; Guymon; OK; USA; 36.68507; -101.50778; 0.46489027; 0.4382074; 2
GVL; Lee Gilmer Memorial; Gainesville; GA; USA; 34.272903; -83.82681; 0.7626462; 0.37086684; 2
GVQ; Genesee Cty; Batavia; NY; USA; 43.031727; -78.1676; 0.82362074; 0.70055234; 2
GVT; Majors; Greenville; TX; USA; 33.06784; -96.06533; 0.5546368; 0.30597776; 2
GWO; Greenwood-Leflore; Greenwood; MS; USA; 33.494328; -90.0847; 0.65751994; 0.32635975; 2
GWR; Gwinner-Roger Melroe; Gwinner; ND; USA; 46.218723; -97.64325; 0.5320882; 0.7703078; 2
GWW; Goldsboro-Wayne Municipal; Goldsboro; NC; USA; 35.460556; -77.964935; 0.8565701; 0.43872106; 2
GXY; Greeley-Weld County; Greeley; CO; USA; 40.43562; -104.63212; 0.42059332; 0.57679063; 2
GYH; Donaldson Center; Greenville; SC; USA; 34.75832; -82.37641; 0.7856824; 0.39347374; 2
GYR; Phoenix Goodyear; Goodyear; AZ; USA; 33.42282; -112.37599; 0.27502835; 0.3593703; 2
GYY; Gary/Chicago; Gary; IN; USA; 41.616272; -87.41279; 0.68800795; 0.61822236; 2
GZH; Middleton; Evergreen; AL; USA; 31.415802; -87.044044; 0.71378267; 0.26035452; 2
GZS; Abernathy; Pulaski; TN; USA; 35.15372; -87.056816; 0.7062108; 0.39156026; 2
H04; Vinita Municipal; Vinita; OK; USA; 36.63302; -95.15136; 0.5697872; 0.4320314; 2
H05; Wilburton Municipal; Wilburton; OK; USA; 34.919544; -95.3947; 0.56599617; 0.37139893; 2
H19; Bowling Green Municipal; Bowling Green; MO; USA; 39.369934; -91.21925; 0.6318266; 0.5319786; 2
H21; Camdenton Memorial; Camdenton; MO; USA; 37.974686; -92.69161; 0.6094327; 0.4809671; 2
H30; Hamilton Municipal; Hamilton; NY; USA; 42.84382; -75.5614; 0.86303955; 0.707358; 2
H35; Clarksville Municipal; Clarksville; AR; USA; 35.470695; -93.427155; 0.5989269; 0.39180803; 2
H41; Memorial; Mexico; MO; USA; 39.157513; -91.81827; 0.6224992; 0.5237147; 2
H45; Seminole Municipal; Seminole; OK; USA; 35.274677; -96.67516; 0.5444111; 0.3839625; 2
H66; Nowata Municipal; Nowata; OK; USA; 36.72092; -95.62526; 0.5619511; 0.43505585; 2
H71; Mid-America Industrial; Pryor; OK; USA; 36.225395; -95.33006; 0.56689537; 0.41757447; 2
H79; Eldon Model Airpark; Eldon; MO; USA; 38.360626; -92.57157; 0.61108696; 0.49472964; 2
H88; Municipal; Fredericktown; MO; USA; 37.605824; -90.287315; 0.6488608; 0.47105938; 2
H92; Hominy; Hominy; OK; USA; 36.433403; -96.38363; 0.5494128; 0.42488682; 2
H96; Benton Municipal; Benton; IL; USA; 38.006752; -88.93442; 0.67024577; 0.48770356; 2
H97; Pawnee Municipal; Pawnee; OK; USA; 36.383385; -96.81031; 0.5423362; 0.42319262; 2
HAB; Marion County; Hamilton; AL; USA; 34.117573; -87.9982; 0.69224024; 0.35270774; 2
HAE; Hannibal Municipal; Hannibal; MO; USA; 39.72449; -91.44368; 0.62790245; 0.5442083; 2
HAF; Half Moon Bay; Half Moon Bay; CA; USA; 37.51383; -122.50109; 0.12869455; 0.56411445; 2
HAI; Three Rivers Municipal; Three Rivers; MI; USA; 41.95975; -85.59339; 0.715138; 0.6349915; 2
HAO; Hamilton-Fairfield; Hamilton; OH; USA; 39.36449; -84.524574; 0.73798263; 0.5471271; 2
HAY; Haycock; Haycock; AK; USA; 65.20099; -161.15678; 0.16631517; 0.18579537; 2
HBC; Mohall Municipal; Mohall; ND; USA; 48.768383; -101.536995; 0.47908595; 0.862483; 2
HBG; Bobby L. Chain Municipal; Hattiesburg; MS; USA; 31.265066; -89.25303; 0.6751074; 0.24963766; 2
HBR; Hobart Municipal; Hobart; OK; USA; 34.991306; -99.05135; 0.50426096; 0.37527382; 2
HBV; Jim Hogg County; Hebbronville; TX; USA; 27.349556; -98.73697; 0.5049802; 0.10661632; 2
HBZ; Heber Springs Municipal; Heber Springs; AR; USA; 35.511692; -92.01301; 0.6226017; 0.39463603; 2
HCD; Hutchinson Municipal; Hutchinson; MN; USA; 44.858906; -94.38179; 0.579567; 0.7226666; 2
HCO; Hallock Municipal; Hallock; MN; USA; 48.75273; -96.943; 0.5426975; 0.85828364; 2
HDC; Hammond Municipal; Hammond; LA; USA; 30.52097; -90.41762; 0.65544486; 0.22128439; 2
HDE; Brewster; Holdredge; NE; USA; 40.452694; -99.33733; 0.5034581; 0.5685874; 2
HDH; Dillingham Airfield; Mokuleia; HI; USA; 21.579473; -158.19728; 0.33752465; 0.13754606; 2
HDI; Hardwick; Cleveland; TN; USA; 35.220074; -84.83244; 0.7433112; 0.40056008; 2
HDN; Yampa Valley; Hayden; CO; USA; 40.481182; -107.21766; 0.380384; 0.58551395; 2
HDO; Hondo Municipal; Hondo; TX; USA; 29.359528; -99.17667; 0.49821624; 0.17723763; 2
HEE; Thompson-Robbins; Helena-West Helena; AR; USA; 34.57649; -90.67589; 0.6460931; 0.36349028; 2
HEF; Manassas Reg./Harry P Davis; Manassas; VA; USA; 38.721416; -77.51544; 0.8507498; 0.5543215; 2
HEI; Hettinger Municipal; Hettinger; ND; USA; 46.014946; -102.655975; 0.45963266; 0.76851255; 2
HEQ; Holyoke; Holyoke; CO; USA; 40.56943; -102.27269; 0.45766193; 0.5766245; 2
HEZ; Natchez-Adams County; Natchez; MS; USA; 31.61366; -91.29733; 0.63862413; 0.2582112; 2
HFD; Hartford Brainard; Hartford; CT; USA; 41.736267; -72.650215; 0.91161454; 0.6864413; 2
HFY; Greenwood Municipal; Indianapolis/Greenwood; IN; USA; 39.628418; -86.08789; 0.71268; 0.55170125; 2
HGR; Hagerstown Regional-Richard Henson; Hagerstown; MD; USA; 39.707943; -77.7295; 0.84342146; 0.5874608; 2
HHF; Hemphill County; Canadian; TX; USA; 35.89531; -100.40364; 0.48232627; 0.40870404; 2
HHG; Huntington Municipal; Huntington; IN; USA; 40.85299; -85.45942; 0.7197472; 0.59652996; 2
HHR; Jack Northrop Field/Hawthorne Municipal; Hawthorne; CA; USA; 33.92284; -118.33519; 0.17693594; 0.41152847; 2
HHW; Stan Stamper Municipal; Hugo; OK; USA; 34.034824; -95.54191; 0.5635979; 0.34012777; 2
HI01; Princeville; Hanalei; HI; USA; 22.20919; -159.44554; 0.3133374; 0.1597116; 2
HIB; Chisholm-Hibbing; Hibbing; MN; USA; 47.3866; -92.839; 0.6005075; 0.8119735; 2
HIE; Mt Washington Regional; Whitefield; NH; USA; 44.367615; -71.54447; 0.9141087; 0.7832223; 2
HIG; Higginsville Industrial Municipal; Higginsville; MO; USA; 39.073345; -93.67716; 0.59288657; 0.5190269; 2
HII; Lake Havasu City; Lake Havasu City; AZ; USA; 34.56816; -114.35618; 0.24608481; 0.40950096; 2
HIO; Portland-Hillsboro; Hillsboro (Portland); OR; USA; 45.540394; -122.94983; 0.16864453; 0.83937037; 2
HJH; Hebron Municipal; Hebron; NE; USA; 40.15225; -97.586975; 0.53078413; 0.55676985; 2
HJO; Hanford Municipal; Hanford; CA; USA; 36.318523; -119.62887; 0.16779168; 0.5025244; 2
HKA; Blytheville Municipal; Blytheville; AR; USA; 35.940407; -89.8308; 0.65855664; 0.41305584; 2
HKS; Hawkins; Jackson; MS; USA; 32.334774; -90.222534; 0.6566252; 0.28531045; 2
HKY; Hickory Municipal; Hickory; NC; USA; 35.741146; -81.38955; 0.7990549; 0.43197006; 2
HLC; Hill City Municipal; Hill City; KS; USA; 39.378838; -99.8315; 0.49480873; 0.53113973; 2
HLG; Wheeling-Ohio Cty; Wheeling; WV; USA; 40.175; -80.64628; 0.7963622; 0.5900543; 2
HLN; Helena Regional; Helena; MT; USA; 46.60682; -111.98275; 0.327875; 0.8159023; 2
HLX; Twin County; Galax; VA; USA; 36.766113; -80.82356; 0.8049817; 0.47024763; 2
HMT; Hemet-Ryan; Hemet; CA; USA; 33.733982; -117.02253; 0.19795682; 0.39645946; 2
HMZ; Bedford County; Bedford; PA; USA; 40.08537; -78.512215; 0.8297923; 0.5966724; 2
HNB; Huntingburg; Huntingburg; IN; USA; 38.249027; -86.95372; 0.70176786; 0.50082093; 2
HNH; Hoonah; Hoonah; AK; USA; 58.096092; -135.4097; 0.25844204; 0.113140404; 2
HNL; Honolulu International; Honolulu; HI; USA; 21.318691; -157.92241; 0.34285888; 0.12843853; 1
HNM; Hana; Hana; HI; USA; 20.795637; -156.01443; 0.38010177; 0.11023539; 2
HNR; Harlan Municipal; Harlan; IA; USA; 41.58439; -95.33964; 0.5659552; 0.60707855; 2
HNS; Haines; Haines; AK; USA; 59.245228; -135.52211; 0.2557242; 0.12653619; 2
HNZ; Henderson-Oxford; Oxford; NC; USA; 36.36156; -78.52917; 0.8438129; 0.46707994; 2
HOB; Lea County Regional; Hobbs; NM; USA; 32.687527; -103.217026; 0.43038195; 0.30059916; 2
HOC; Highland County; Hillsboro; OH; USA; 39.18876; -83.53881; 0.75403124; 0.54428667; 2
HOE; Homerville; Homerville; GA; USA; 31.055916; -82.77414; 0.7897525; 0.26263046; 2
HOM; Homer; Homer; AK; USA; 59.645557; -151.47658; 0.19735704; 0.115801394; 2
HON; Huron Regional; Huron; SD; USA; 44.3852; -98.228546; 0.5227616; 0.7063427; 2
HOT; Memorial; Hot Springs; AR; USA; 34.478035; -93.09621; 0.6051125; 0.35701746; 2
HOU; William P Hobby; Houston; TX; USA; 29.645418; -95.27889; 0.56878895; 0.18571639; 2
HPB; Hooper Bay; Hooper Bay; AK; USA; 61.52418; -166.14677; 0.14637347; 0.14508343; 2
HPN; Westchester Cty; White Plains; NY; USA; 41.06696; -73.70757; 0.8990628; 0.65692735; 2
HPT; Hampton Municipal; Hampton; IA; USA; 42.723724; -93.22634; 0.5978568; 0.64824903; 2
HQG; Hugoton Municipal; Hugoton; KS; USA; 37.163082; -101.37053; 0.46771902; 0.45487195; 2
HQM; Bowerman; Hoquiam; WA; USA; 46.971203; -123.93656; 0.16346994; 0.89414036; 2
HQU; Thomson-McDuffie County; Thomson; GA; USA; 33.529728; -82.516785; 0.78696764; 0.34996146; 2
HQZ; Mesquite Metro; Mesquite; TX; USA; 32.746964; -96.53042; 0.54655033; 0.29470825; 2
HRI; Hermiston Muni; Hermiston; OR; USA; 45.82822; -119.25916; 0.22195832; 0.8255027; 2
HRL; Valley International; Harlingen; TX; USA; 26.228506; -97.654396; 0.52466303; 0.06682885; 2
HRO; Boone County; Harrison; AR; USA; 36.26152; -93.15473; 0.6029991; 0.41997796; 2
HRR; Healy River; Healy; AK; USA; 63.866207; -148.96898; 0.20419429; 0.1684593; 2
HRU; Herington Municipal; Herington; KS; USA; 38.683224; -96.80801; 0.5427847; 0.5045539; 2
HRX; Hereford Municipal; Hereford; TX; USA; 34.857616; -102.3272; 0.44883907; 0.37515825; 2
HSA; Stennis International; Bay St Louis; MS; USA; 30.367807; -89.45461; 0.6728344; 0.21776932; 2
HSB; Harrisburg-Raleigh; Harrisburg; IL; USA; 37.8115; -88.54914; 0.67679656; 0.48162007; 2
HSE; Billy Mitchell; Hatteras; NC; USA; 35.232788; -75.6178; 0.89616716; 0.44418103; 2
HSI; Hastings Municipal; Hastings; NE; USA; 40.60525; -98.42789; 0.5177907; 0.57324874; 2
HSL; Huslia; Huslia; AK; USA; 65.700554; -156.3875; 0.18096219; 0.1901508; 2
HSP; Ingalls; Hot Springs; VA; USA; 37.951443; -79.83389; 0.81687015; 0.51609457; 2
HSR; Hot Springs Municipal; Hot Springs; SD; USA; 43.368244; -103.38814; 0.4447978; 0.6771947; 2
HSV; Huntsville International; Huntsville; AL; USA; 34.640446; -86.77311; 0.7120113; 0.37427878; 2
HTH; Hawthorne Municipal; Hawthorne; NV; USA; 38.544365; -118.6343; 0.1948246; 0.57234526; 2
HTL; Roscommon County; Houghton Lake; MI; USA; 44.359806; -84.67111; 0.72323525; 0.72164345; 2
HTO; East Hampton; East Hampton; NY; USA; 40.95958; -72.251854; 0.9215831; 0.6623992; 2
HTS; Tri-State/Walker-Long; Huntington; WV; USA; 38.366665; -82.55803; 0.7719674; 0.5190774; 2
HTW; Lawrence County Airpark,Inc; Chesapeake; OH; USA; 38.41925; -82.49432; 0.7728289; 0.52116394; 2
HUF; Terre Haute International-Hulman; Terre Haute; IN; USA; 39.45146; -87.30756; 0.6937688; 0.5422827; 2
HUL; Houlton International; Houlton; ME; USA; 46.123085; -67.79205; 0.95690286; 0.86770993; 2
HUM; Houma-Terrebonne; Houma; LA; USA; 29.5665; -90.660416; 0.6522294; 0.18743634; 2
HUS; Hughes; Hughes; AK; USA; 66.04112; -154.26318; 0.18733832; 0.19410563; 2
HUT; Hutchinson Municipal; Hutchinson; KS; USA; 38.065483; -97.860634; 0.52561927; 0.48310244; 2
HVC; Hopkinsville-Christian County; Hopkinsville; KY; USA; 36.856583; -87.45725; 0.696287; 0.45048738; 2
HVE; Hanksville; Hanksville; UT; USA; 38.418037; -110.70404; 0.31958973; 0.5259384; 2
HVN; Tweed-New Haven; New Haven; CT; USA; 41.2639; -72.8871; 0.9104586; 0.6687652; 2
HVR; Havre City-County; Havre; MT; USA; 48.542984; -109.762344; 0.36506286; 0.8742218; 2
HVS; Hartsville Municipal; Hartsville; SC; USA; 34.403084; -80.119225; 0.82468355; 0.39106148; 2
HWD; Hayward Executive; Hayward; CA; USA; 37.659264; -122.122406; 0.13546991; 0.5662185; 2
HWI; Hawk Inlet SPB; Hawk Inlet; AK; USA; 58.12744; -134.75595; 0.26078135; 0.11469692; 2
HWO; North Perry; Hollywood; FL; USA; 26.001425; -80.240524; 0.85149413; 0.09991211; 2
HWQ; Wheatland County  At Harlowton; Harlowton; MT; USA; 46.45412; -109.854904; 0.35752365; 0.80259204; 2
HWV; Brookhaven; Shirley; NY; USA; 40.816765; -72.862045; 0.9130941; 0.6535927; 2
HXD; Hilton Head; Hilton Head Island; SC; USA; 32.22436; -80.69747; 0.82228607; 0.31249988; 2
HXF; Hartford Municipal; Hartford; WI; USA; 43.349277; -88.39113; 0.67007726; 0.67696995; 2
HYA; Barnstable Mun Boardman/Polando; Hyannis; MA; USA; 41.66934; -70.28036; 0.94726163; 0.6998643; 2
HYG; Hydaburg SPB; Hydaburg; AK; USA; 55.206318; -132.82831; 0.27449572; 0.08434528; 2
HYI; San Marcos Municipal; San Marcos; TX; USA; 29.893612; -97.86469; 0.5221988; 0.1948893; 2
HYL; Hollis SPB; Hollis; AK; USA; 55.481586; -132.64609; 0.2745804; 0.08795059; 2
HYR; Sawyer County; Hayward; WI; USA; 46.025856; -91.444244; 0.6215857; 0.76587707; 2
HYS; Hays Municipal; Hays; KS; USA; 38.84494; -99.27403; 0.50328827; 0.51170605; 2
HYW; Conway-Horry County; Conway; SC; USA; 33.8285; -79.12217; 0.84352046; 0.37599725; 2
HZD; Carroll County; Huntingdon; TN; USA; 36.089306; -88.463295; 0.6810508; 0.42107385; 2
HZE; Mercer County Regional; Hazen; ND; USA; 47.28986; -101.58095; 0.4766898; 0.81126446; 2
HZL; Hazleton Muni; Hazleton; PA; USA; 40.98678; -75.99489; 0.8647423; 0.64093244; 2
HZR; False River Air Park; New Roads; LA; USA; 30.718323; -91.47867; 0.6363195; 0.22650969; 2
HZY; Ashtabula County; Ashtabula; OH; USA; 41.777977; -80.69551; 0.7902114; 0.6457423; 2
I05; Sturgis Municipal; Sturgis; KY; USA; 37.540833; -87.951836; 0.68695706; 0.47341138; 2
I12; Sidney Municipal; Sidney; OH; USA; 40.24128; -84.15101; 0.7415971; 0.57911843; 2
I16; Kee; Pineville; WV; USA; 37.600445; -81.55928; 0.79034585; 0.49625087; 2
I18; Jackson County; Ravenswood; WV; USA; 38.92978; -81.81947; 0.7820037; 0.54168767; 2
I19; Greene County; Dayton; OH; USA; 39.691727; -83.990234; 0.7455579; 0.56037545; 2
I22; Randolph County; Winchester; IN; USA; 40.16885; -84.92585; 0.72967875; 0.5741044; 2
I23; Fayette County; Washington Court House; OH; USA; 39.5704; -83.420525; 0.7548455; 0.55808526; 2
I25; Welch Muni; Welch; WV; USA; 37.416782; -81.52899; 0.7914186; 0.48995405; 2
I32; Morehead-Rowan County; Morehead; KY; USA; 38.133415; -83.537964; 0.7569403; 0.50727385; 2
I34; Greensburg-Decatur County; Greensburg; IN; USA; 39.326912; -85.52253; 0.7222906; 0.5427204; 2
I35; Tucker-Guthrie Memorial; Harlan; KY; USA; 36.85981; -83.361015; 0.763324; 0.46324748; 2
I39; Madison County; Richmond; KY; USA; 37.631527; -84.33244; 0.74547166; 0.48690498; 2
I40; Richard Downing; Coshocton; OH; USA; 40.30918; -81.85338; 0.7771754; 0.58979505; 2
I42; Paoli Municipal; Paoli; IN; USA; 38.58339; -86.46249; 0.7089671; 0.51389784; 2
I43; James A Rhodes; Jackson; OH; USA; 38.981354; -82.57786; 0.76983494; 0.54053164; 2
I50; Stanton; Stanton; KY; USA; 37.850082; -83.84575; 0.75275755; 0.49624622; 2
I57; Pike County; Waverly; OH; USA; 39.166935; -82.92818; 0.7637496; 0.54572153; 2
I63; Mt. Sterling Municipal; Mt. Sterling; IL; USA; 39.9875; -90.80417; 0.6377162; 0.5543703; 2
I66; Clinton; Wilmington; OH; USA; 39.50286; -83.86305; 0.7480615; 0.55418074; 2
I67; Cincinnati West; Harrison; OH; USA; 39.258945; -84.77431; 0.7342969; 0.5426215; 2
I68; Lebanon-Warren County; Lebanon; OH; USA; 39.462173; -84.25185; 0.7420387; 0.5514477; 2
I69; Clermont County; Batavia; OH; USA; 39.078396; -84.210205; 0.7436919; 0.538115; 2
I74; Grimes; Urbana; OH; USA; 40.129284; -83.754875; 0.7480777; 0.5765192; 2
I75; Osceola Municipal; Osceola; IA; USA; 41.05222; -93.68966; 0.59167814; 0.58896023; 2
I76; Peru Municipal; Peru; IN; USA; 40.78632; -86.146385; 0.70924443; 0.59225357; 2
I78; Union County; Marysville; OH; USA; 40.224693; -83.35161; 0.75410867; 0.58126056; 2
I83; Salem Municipal; Salem; IN; USA; 38.602; -86.13998; 0.71408874; 0.5154439; 2
I86; Perry County; New Lexington; OH; USA; 39.691597; -82.197784; 0.7736981; 0.56685233; 2
I88; Pontiac Municipal; Pontiac; IL; USA; 40.92372; -88.6255; 0.6704978; 0.5911919; 2
I93; Breckinridge County; Hardinsburg; KY; USA; 37.78506; -86.441925; 0.71097845; 0.48585075; 2
I95; Hardin County; Kenton; OH; USA; 40.61072; -83.6436; 0.7485068; 0.5937749; 2
IAD; Washington Dulles International; Chantilly; VA; USA; 38.94453; -77.45581; 0.8507816; 0.56237745; 1
IAG; Niagara Falls Intl; Niagara Falls; NY; USA; 43.107258; -78.94538; 0.81178486; 0.6995551; 2
IAH; George Bush Intercontinental; Houston; TX; USA; 29.980473; -95.33972; 0.56764203; 0.19744998; 1
IAN; Bob Baker Memorial; Kiana; AK; USA; 66.97938; -160.43587; 0.16975287; 0.20707166; 2
IBM; Robert E. Arraj; Kimball; NE; USA; 41.188057; -103.67739; 0.43678185; 0.6011285; 2
ICL; Schenck; Clarinda; IA; USA; 40.721783; -95.02643; 0.5709723; 0.57668054; 2
ICT; Wichita Mid-Continent; Wichita; KS; USA; 37.64996; -97.433044; 0.5324155; 0.46819985; 2
IDA; Idaho Falls Regional; Idaho Falls; ID; USA; 43.514557; -112.07017; 0.31581447; 0.7093502; 2
IDI; Indiana Cty/Jimmy Stewart; Indiana; PA; USA; 40.63222; -79.10553; 0.8185678; 0.61286306; 2
IDL; Indianola Municipal; Indianola; MS; USA; 33.485744; -90.67888; 0.64732057; 0.32503897; 2
IDP; Independence Municipal; Independence; KS; USA; 37.15837; -95.77838; 0.55940294; 0.45051783; 2
IEM; Whittier; Whittier; AK; USA; 60.777214; -148.72157; 0.2067728; 0.13068616; 2
IEN; Pine Ridge; Pine Ridge; SD; USA; 43.022575; -102.51107; 0.45745492; 0.6634245; 2
IER; Natchitoches Municipal; Natchitoches; LA; USA; 31.73572; -93.09914; 0.6068132; 0.26036316; 2
IFA; Iowa Falls Municipal; Iowa Falls; IA; USA; 42.470787; -93.26995; 0.59734714; 0.63930273; 2
IFP; Laughlin/Bullhead International; Bullhead City; AZ; USA; 35.15739; -114.559525; 0.24509391; 0.43104738; 2
IGG; Igiugig; Igiugig; AK; USA; 59.323734; -155.90327; 0.1810805; 0.11171436; 2
IGM; Kingman; Kingman; AZ; USA; 35.25947; -113.93806; 0.25577247; 0.43122333; 2
IGQ; Lansing Municipal; Chicago/Lansing; IL; USA; 41.53989; -87.532166; 0.6863168; 0.6152581; 2
IGT; Nightmute; Nightmute; AK; USA; 60.470325; -164.68564; 0.15011568; 0.13082308; 2
IIB; Independence Municipal; Independence; IA; USA; 42.453598; -91.94762; 0.6174919; 0.6399085; 2
IIK; Kipnuk; Kipnuk; AK; USA; 59.932953; -164.03052; 0.15183681; 0.12367064; 2
IIY; Washington-Wilkes County; Washington; GA; USA; 33.779877; -82.81662; 0.78113574; 0.3574881; 2
IJD; Windham; Willimantic; CT; USA; 41.74404; -72.18024; 0.9185875; 0.68970263; 2
IJX; Jacksonville Municipal; Jacksonville; IL; USA; 39.774296; -90.23856; 0.6468974; 0.54771197; 2
IKK; Greater Kankakee; Kankakee; IL; USA; 41.071404; -87.84627; 0.68232733; 0.5980594; 2
IKV; Ankeny Regional; Ankeny; IA; USA; 41.691284; -93.56631; 0.59325236; 0.6116019; 2
ILE; Killeen Municipal; Killeen; TX; USA; 31.085833; -97.6865; 0.52584684; 0.23664033; 2
ILG; New Castle County; Wilmington; DE; USA; 39.678722; -75.60653; 0.8764893; 0.5979034; 2
ILI; Iliamna; Iliamna; AK; USA; 59.7538; -154.91096; 0.1847921; 0.116876304; 2
ILM; Wilmington International; Wilmington; NC; USA; 34.27061; -77.90256; 0.86231816; 0.3977707; 2
IML; Imperial Municipal; Imperial; NE; USA; 40.509304; -101.62053; 0.46777466; 0.5734273; 2
IMM; Immokalee; Immokalee; FL; USA; 26.433167; -81.40103; 0.82853425; 0.10886997; 2
IMS; Madison Municipal; Madison; IN; USA; 38.75889; -85.46553; 0.7245112; 0.5229188; 2
IMT; Ford; Iron Mountain/Kingsford; MI; USA; 45.818356; -88.11454; 0.66996074; 0.76394606; 2
IN03; Indianapolis Downtown; Indianapolis; IN; USA; 39.765877; -86.14887; 0.71141964; 0.55636716; 2
IND; Indianapolis International; Indianapolis; IN; USA; 39.71733; -86.29439; 0.70923245; 0.5542605; 1
INK; Winkler County; Wink; TX; USA; 31.779629; -103.20136; 0.42921782; 0.268681; 2
INL; Falls International; International Falls; MN; USA; 48.56619; -93.40307; 0.59186167; 0.85254115; 2
INT; Smith Reynolds; Winston-Salem; NC; USA; 36.13372; -80.222; 0.81696343; 0.45089877; 2
INW; Winslow-Lindbergh Regional; Winslow; AZ; USA; 35.021915; -110.72253; 0.3083019; 0.40733695; 2
IOB; Mt Sterling-Montgomery County; Mount Sterling; KY; USA; 38.05814; -83.97958; 0.75004935; 0.50308377; 2
IOW; Iowa City Municipal; Iowa City; IA; USA; 41.639244; -91.5465; 0.62439567; 0.61166656; 2
IPJ; Lincoln County; Lincolnton; NC; USA; 35.48333; -81.161255; 0.8036663; 0.42395896; 2
IPL; Imperial County; Imperial; CA; USA; 32.83422; -115.57874; 0.21831805; 0.35654122; 2
IPT; Williamsport-Lycoming Cty; Williamsport; PA; USA; 41.241837; -76.9211; 0.849569; 0.6448014; 2
IRK; Kirksville Regional; Kirksville; MO; USA; 40.093643; -92.54497; 0.61019444; 0.55601406; 2
IRS; Kirsch Municipal; Sturgis; MI; USA; 41.812874; -85.439064; 0.71783274; 0.6302792; 2
ISM; Kissimmee Municipal; Orlando; FL; USA; 28.289806; -81.43708; 0.82200736; 0.17264676; 2
ISN; Sloulin Field International; Williston; ND; USA; 48.17794; -103.64235; 0.44900757; 0.8454789; 2
ISO; Kinston Regional Jetport At Stallin; Kinston; NC; USA; 35.32808; -77.615524; 0.86285955; 0.43600768; 2
ISP; Long Island - MacArthur; Islip; NY; USA; 40.795242; -73.10021; 0.90959555; 0.6513523; 2
ISQ; Schoolcraft County; Manistique; MI; USA; 45.97464; -86.17183; 0.69766885; 0.77380466; 2
ISW; Alexander; Wisconsin Rapids; WI; USA; 44.36034; -89.838974; 0.64699346; 0.709803; 2
ISZ; Cincinnati-Blue Ash; Cincinnati; OH; USA; 39.246693; -84.38897; 0.7404264; 0.5434325; 2
ITH; Tompkins Cty; Ithaca; NY; USA; 42.491028; -76.45844; 0.85125464; 0.6903999; 2
ITO; Hilo International; Hilo; HI; USA; 19.720263; -155.04848; 0.3991464; 0.07290554; 2
ITR; Kit Carson County; Burlington; CO; USA; 39.2425; -102.285385; 0.45562428; 0.5298299; 2
IWA; Williams Gateway; Phoenix; AZ; USA; 33.307835; -111.65547; 0.2868714; 0.3518594; 2
IWD; Gogebic County; Ironwood; MI; USA; 46.527473; -90.13139; 0.63988954; 0.78513235; 2
IWH; Wabash Municipal; Wabash; IN; USA; 40.76196; -85.79874; 0.71469355; 0.59236073; 2
IWI; Wiscasset; Wiscasset; ME; USA; 43.96142; -69.712555; 0.9426011; 0.78155506; 2
IWK; Wales; Wales; AK; USA; 65.62394; -168.09917; 0.14605303; 0.1965512; 2
IWS; West Houston; Houston; TX; USA; 29.818195; -95.67261; 0.56166697; 0.19170684; 2
IXD; New Century Aircenter; Olathe; KS; USA; 38.830906; -94.890305; 0.57356125; 0.5098607; 2
IYK; Inyokern; Inyokern; CA; USA; 35.658844; -117.82951; 0.19364254; 0.4678898; 2
IYS; Wasilla; Wasilla; AK; USA; 61.57196; -149.54056; 0.20349371; 0.14008862; 2
IZA; Santa Ynez; Santa Ynez; CA; USA; 34.60682; -120.07556; 0.15161824; 0.4470513; 2
IZG; Eastern Slopes Regional; Fryeburg; ME; USA; 43.991146; -70.947876; 0.92469484; 0.7742828; 2
JAC; Jackson Hole; Jackson; WY; USA; 43.607323; -110.73774; 0.33584183; 0.7071384; 2
JAN; Jackson International; Jackson; MS; USA; 32.311165; -90.07589; 0.6592126; 0.2847463; 2
JAS; Jasper County -Bell; Jasper; TX; USA; 30.890583; -94.034836; 0.59071535; 0.22994006; 2
JAU; Campbell County; Jacksboro; TN; USA; 36.334576; -84.162346; 0.7516042; 0.4419557; 2
JAX; Jacksonville International; Jacksonville; FL; USA; 30.494055; -81.68786; 0.81058687; 0.24780792; 2
JBR; Jonesboro Municipal; Jonesboro; AR; USA; 35.83186; -90.646164; 0.64511496; 0.40783542; 2
JCT; Kimble County; Junction; TX; USA; 30.51126; -99.76346; 0.48853913; 0.21825147; 2
JDN; Jordan; Jordan; MT; USA; 47.333336; -106.93396; 0.4011975; 0.8238687; 2
JEF; Jefferson City Memorial; Jefferson City; MO; USA; 38.59118; -92.15614; 0.61759096; 0.5033123; 2
JER; Jerome County; Jerome; ID; USA; 42.726635; -114.45715; 0.2774155; 0.69302255; 2
JES; Jesup-Wayne County; Jesup; GA; USA; 31.554083; -81.883446; 0.80386007; 0.2837754; 2
JFK; John F Kennedy Intl; New York; NY; USA; 40.63975; -73.77892; 0.9000586; 0.64180946; 1
JFX; Walker County; Jasper; AL; USA; 33.901997; -87.31416; 0.7042873; 0.34685534; 2
JHM; Kapalua; Lahaina; HI; USA; 20.962936; -156.67303; 0.36722836; 0.11600721; 2
JHW; Chautauqua Cty; Jamestown; NY; USA; 42.15337; -79.25803; 0.8106363; 0.6650401; 2
JKA; Jack Edwards; Gulf Shores; AL; USA; 30.289516; -87.67371; 0.70475626; 0.21923184; 2
JKJ; Moorhead Municipal; Moorhead; MN; USA; 46.83919; -96.66313; 0.546301; 0.7916913; 2
JKL; Julian Carroll; Jackson; KY; USA; 37.59386; -83.31725; 0.7619889; 0.48914784; 2
JLN; Joplin Regional; Joplin; MO; USA; 37.151814; -94.49827; 0.58040375; 0.45060682; 2
JMR; Mora Municipal; Mora; MN; USA; 45.886097; -93.27178; 0.59527576; 0.7592828; 2
JMS; Jamestown Municipal; Jamestown; ND; USA; 46.929718; -98.67819; 0.5175929; 0.79570085; 2
JNU; Juneau International; Juneau; AK; USA; 58.35496; -134.57628; 0.2609617; 0.117709935; 1
JNX; Johnston County; Smithfield; NC; USA; 35.540943; -78.39033; 0.84924686; 0.4392709; 2
JOT; Joliet Park District; Chicago/Joliet; IL; USA; 41.51806; -88.175255; 0.6764631; 0.61305726; 2
JQF; Concord Regional; Concord; NC; USA; 35.38521; -80.70972; 0.8114753; 0.42255062; 2
JRA; Port Authority-W 30th St Midtown Heliport; New York; NY; USA; 40.754547; -74.00708; 0.8960353; 0.64437175; 2
JRB; Downtown Manhattan/Wall St. Heliport; New York; NY; USA; 40.701214; -74.009026; 0.89626217; 0.64252555; 2
JRF; Kalaeloa (John Rodgers); Kapolei; HI; USA; 21.307354; -158.0703; 0.33997428; 0.12806296; 2
JSO; Jacksonville-Cherokee County; Jacksonville; TX; USA; 31.869337; -95.21739; 0.56951785; 0.26384783; 2
JST; Johnstown-Cambria Cty; Johnstown; PA; USA; 40.316113; -78.83395; 0.8239373; 0.6031477; 2
JVL; Rock County; Janesville; WI; USA; 42.619583; -89.04034; 0.66145796; 0.65006876; 2
JVY; Clark County; Jeffersonville; IN; USA; 38.365623; -85.7383; 0.72104853; 0.5082804; 2
JWG; Watonga; Watonga; OK; USA; 35.864693; -98.42075; 0.51536924; 0.40562028; 2
JWN; John C. Tune; Nashville; TN; USA; 36.18236; -86.88673; 0.70699805; 0.42821842; 2
JXN; Jackson County Reynolds; Jackson; MI; USA; 42.259785; -84.459404; 0.7316625; 0.64887875; 2
JYG; St James Municipal; St James; MN; USA; 43.986317; -94.55794; 0.57725245; 0.69194394; 2
JYL; Plantation Airpark; Sylvania; GA; USA; 32.645447; -81.5965; 0.8054234; 0.3230387; 2
JYM; Hillsdale Municipal; Hillsdale; MI; USA; 41.92126; -84.58576; 0.73059475; 0.63662857; 2
JYO; Leesburg Executive; Leesburg; VA; USA; 39.077972; -77.5575; 0.8486443; 0.56647867; 2
JYR; Municipal; York; NE; USA; 40.89675; -97.62278; 0.53048694; 0.58309555; 2
JZI; Charleston Executive; Charleston; SC; USA; 32.700863; -80.002914; 0.83260274; 0.3324076; 2
JZP; Pickens County; Jasper; GA; USA; 34.45148; -84.4566; 0.75154424; 0.3748755; 2
JZZ; Koliganek; Koliganek; AK; USA; 59.726643; -157.25948; 0.17621376; 0.11699611; 2
K01; Farington; Auburn; NE; USA; 40.3875; -95.78916; 0.55907583; 0.56474084; 2
K02; Perryville Municipal; Perryville; MO; USA; 37.868668; -89.86214; 0.655424; 0.48106784; 2
K06; Greater Beardstown; Beardstown; IL; USA; 39.97338; -90.40373; 0.64404213; 0.5544764; 2
K09; Piseco Muni; Piseco; NY; USA; 43.453403; -74.517654; 0.87561524; 0.73411494; 2
K15; Linn Creek-Grand Glaize Memorial; Osage Beach; MO; USA; 38.11045; -92.68055; 0.6095127; 0.48577827; 2
K20; Wendell H. Ford; Hazard; KY; USA; 37.387836; -83.26206; 0.7634587; 0.4821263; 2
K22; Big Sandy Regional; Prestonburg; KY; USA; 37.751026; -82.636696; 0.7725213; 0.49720937; 2
K24; Russell County; Jamestown; KY; USA; 37.00889; -85.102776; 0.73449856; 0.4625141; 2
K29; Council; Council; AK; USA; 64.89788; -163.70345; 0.15828402; 0.1837771; 2
K33; Salem Memorial; Salem; MO; USA; 37.615234; -91.60444; 0.62740546; 0.46946752; 2
K34; Municipal; Gardner; KS; USA; 38.807083; -94.956024; 0.57251287; 0.5089979; 2
K39; St Clair Memorial; St Clair; MO; USA; 38.375942; -90.97074; 0.63688; 0.49720806; 2
K46; Blair Municipal; Blair; NE; USA; 41.418053; -96.113625; 0.5540103; 0.6011474; 2
K54; Teller; Teller; AK; USA; 65.2409; -166.33601; 0.15073416; 0.19017214; 2
K57; Gould Peterson Municipal; Tarkio; MO; USA; 40.44583; -95.362755; 0.5657585; 0.5668529; 2
K59; Amelia Earhart; Atchison; KS; USA; 39.570526; -95.18033; 0.56877697; 0.53594244; 2
K61; Moritz Memorial; Beloit; KS; USA; 39.471153; -98.128784; 0.5219357; 0.532972; 2
K62; Falmouth Pendleton County; Falmouth; KY; USA; 38.704235; -84.3916; 0.74177164; 0.52437705; 2
K67; Oswego Municipal; Oswego; KS; USA; 37.159786; -95.042465; 0.5714748; 0.45069414; 2
K68; Garnett Municipal; Garnett; KS; USA; 38.27919; -95.21692; 0.5684196; 0.49025404; 2
K78; Abilene Municipal; Abilene.; KS; USA; 38.904057; -97.235855; 0.5359708; 0.5124904; 2
K81; Miami County; Paola; KS; USA; 38.537514; -94.92524; 0.57307065; 0.49947077; 2
K82; Smith Center Municipal; Smith Center; KS; USA; 39.761124; -98.793434; 0.51155424; 0.54368377; 2
K83; Sabetha Municipal; Sabetha; KS; USA; 39.904167; -95.779434; 0.559252; 0.54765344; 2
K88; Allen County; Iola; KS; USA; 37.870083; -95.38639; 0.56573695; 0.47574562; 2
K89; Macon-Fower Memorial; Macon; MO; USA; 39.728706; -92.464455; 0.6117469; 0.54319745; 2
K96; Tuscola; Tuscola; IL; USA; 39.780865; -88.30616; 0.6773932; 0.5515899; 2
KAE; Kake SPB; Kake; AK; USA; 56.972996; -133.94562; 0.2662537; 0.10266948; 2
KAL; Kaltag; Kaltag; AK; USA; 64.32572; -158.74414; 0.17319465; 0.17397428; 2
KCC; Coffman Cove SPB; Coffman Cove; AK; USA; 56.003246; -132.84196; 0.27262473; 0.09360343; 2
KCL; Chignik Lagoon; Chignik Flats; AK; USA; 56.311165; -158.53592; 0.1698578; 0.075549364; 2
KEB; English Bay; English Bay; AK; USA; 59.35215; -151.92516; 0.19578208; 0.11209589; 2
KEK; Ekwok; Ekwok; AK; USA; 59.353996; -157.47441; 0.17528722; 0.11248273; 2
KFP; False Pass; False Pass; AK; USA; 54.847446; -163.41032; 0.14882809; 0.061235547; 2
KGX; Grayling; Grayling; AK; USA; 62.89456; -160.06491; 0.16809914; 0.15703166; 2
KIB; Ivanof Bay SPB; Ivanof Bay; AK; USA; 55.897533; -159.48866; 0.1657817; 0.07097542; 2
KIC; Mesa Del Rey; King City; CA; USA; 36.22802; -121.121864; 0.14333734; 0.51002634; 2
KKA; Koyuk; Koyuk; AK; USA; 64.934044; -161.15814; 0.16610214; 0.1825419; 2
KKB; Kitoi Bay SPB; Kitoi Bay; AK; USA; 58.190945; -152.37048; 0.19434531; 0.09773415; 2
KLG; Kalskag; Kalskag; AK; USA; 61.536274; -160.34132; 0.16624439; 0.14054054; 2
KLL; Levelock; Levelock; AK; USA; 59.118164; -156.86522; 0.17746103; 0.10940188; 2
KLS; Kelso-Longview; Kelso; WA; USA; 46.118; -122.89839; 0.17271279; 0.85843205; 2
KNB; Kanab Muni; Kanab; UT; USA; 37.011105; -112.5312; 0.2854117; 0.48503685; 2
KNW; Stuyahok; New Stuyahok; AK; USA; 59.449554; -157.3272; 0.17586534; 0.11361045; 2
KOA; Kona International At Keahole; Kailua/Kona; HI; USA; 19.738766; -156.04562; 0.37957385; 0.07336432; 1
KPB; Point Baker SPB; Point Baker; AK; USA; 56.35186; -133.62259; 0.26884025; 0.09604001; 2
KPH; Pauloff Harbor SPB; Pauloff Harbor; AK; USA; 54.45912; -162.69363; 0.15143394; 0.05582881; 2
KQA; Akutan SPB; Akutan; AK; USA; 54.132465; -165.78531; 0.13808838; 0.055276453; 2
KSM; St. Mary's; St. Mary's; AK; USA; 62.060486; -163.30211; 0.15662217; 0.14895415; 2
KTB; Thorne Bay; Thorne Bay; AK; USA; 55.68796; -132.53668; 0.2745308; 0.09059286; 2
KTN; Ketchikan International; Ketchikan; AK; USA; 55.355568; -131.71375; 0.27851793; 0.08857995; 1
KTS; Brevig Mission; Brevig Mission; AK; USA; 65.33136; -166.46317; 0.15047601; 0.1913827; 2
KVC; King Cove; King Cove; AK; USA; 55.11635; -162.26622; 0.15382126; 0.063435555; 2
KVL; Kivalina; Kivalina; AK; USA; 67.731255; -164.5518; 0.158948; 0.21865213; 2
KWT; Kwethluk; Kwethluk; AK; USA; 60.804253; -161.44534; 0.16185313; 0.13225311; 2
KXA; Kasaan SPB; Kasaan; AK; USA; 55.537415; -132.39752; 0.2754215; 0.08914834; 2
KYK; Karluk; Karluk; AK; USA; 57.567062; -154.45038; 0.18636516; 0.08994228; 2
KYU; Koyukuk; Koyukuk; AK; USA; 64.877144; -157.71584; 0.17664984; 0.18038297; 2
L04; Holtville; Holtville; CA; USA; 32.840324; -115.26748; 0.22363426; 0.35490358; 2
L05; Kern Valley; Kernville; CA; USA; 35.728283; -118.41981; 0.18437049; 0.47411877; 2
L06; Furnace Creek; Death Valley National Park; CA; USA; 36.463837; -116.88144; 0.21279036; 0.48971307; 2
L08; Borrego Valley; Borrego Springs; CA; USA; 33.25903; -116.32097; 0.20760264; 0.37570465; 2
L12; Redlands Municipal; Redlands; CA; USA; 34.085262; -117.14638; 0.19750665; 0.40934193; 2
L15; Henderson; Las Vegas; NV; USA; 35.976364; -115.132774; 0.23906024; 0.46262228; 2
L17; Taft-Kern County; Taft; CA; USA; 35.14108; -119.44123; 0.16478065; 0.46086854; 2
L18; Fallbrook Community Airpark; Fallbrook; CA; USA; 33.3542; -117.25087; 0.19237243; 0.38484985; 2
L19; Wasco-Kern County; Wasco; CA; USA; 35.61968; -119.35372; 0.16865174; 0.4766721; 2
L26; Hesperia; Hesperia; CA; USA; 34.377224; -117.31588; 0.19604322; 0.4204746; 2
L31; Greater St. Tammany Parish; Covington; LA; USA; 30.445055; -89.98888; 0.6631904; 0.21941143; 2
L35; Big Bear City; Big Bear; CA; USA; 34.26362; -116.85448; 0.20318504; 0.41364628; 2
L38; Louisiana Regional; Gonzales; LA; USA; 30.171352; -90.9404; 0.64650697; 0.20814925; 2
L39; Leesville; Leesville; LA; USA; 31.168194; -93.34246; 0.6028638; 0.24019808; 2
L42; Allen Parish; Oakdale; LA; USA; 30.750166; -92.68847; 0.6147529; 0.22613019; 2
L45; Bakersfield Municipal; Bakersfield; CA; USA; 35.324833; -118.995834; 0.17298569; 0.46411395; 2
L49; South Lafourche; Galliano; LA; USA; 29.444822; -90.261116; 0.6595871; 0.18388951; 2
L52; Oceano County; Oceano; CA; USA; 35.101364; -120.622116; 0.14530253; 0.46790314; 2
L67; Rialto Municipal; Rialto; CA; USA; 34.129345; -117.40163; 0.19346122; 0.4124906; 2
L70; Agua Dulce Airpark; Agua Dulce; CA; USA; 34.504158; -118.31286; 0.18014011; 0.43134212; 2
L71; California City Municipal; California City; CA; USA; 35.151253; -118.01667; 0.18814984; 0.4516338; 2
L72; Trona; Trona; CA; USA; 35.812454; -117.32728; 0.20254888; 0.46999538; 2
L75; Southland; Sulphur; LA; USA; 30.13139; -93.376114; 0.6028638; 0.20377052; 2
L83; Thibodaux Municipal; Thibodaux; LA; USA; 29.747791; -90.8329; 0.6489118; 0.1934908; 2
L84; Lost Hills-Kern County; Lost Hills; CA; USA; 35.62357; -119.68624; 0.16327381; 0.47910452; 2
L92; Alamo Landing; Alamo; NV; USA; 37.36246; -115.194466; 0.24388678; 0.5110024; 2
LAA; Lamar Muni; Lamar; CO; USA; 38.069695; -102.6885; 0.44748127; 0.48917985; 2
LAF; Purdue University; Lafayette; IN; USA; 40.412315; -86.9369; 0.6977171; 0.5770298; 2
LAL; Lakeland Linder Regional; Lakeland; FL; USA; 27.988916; -82.018555; 0.812369; 0.15956038; 2
LAM; Los Alamos; Los Alamos; NM; USA; 35.879803; -106.26942; 0.3847373; 0.42087877; 2
LAN; Capital City; Lansing; MI; USA; 42.7787; -84.58736; 0.7284215; 0.6666472; 2
LAR; Laramie Regional; Laramie; WY; USA; 41.31205; -105.67499; 0.40618265; 0.61024797; 2
LAS; McCarran International; Las Vegas; NV; USA; 36.08036; -115.152336; 0.23917744; 0.46633536; 1
LAW; Lawton-Ft Sill Regional; Lawton; OK; USA; 34.567715; -98.41663; 0.51474655; 0.35979348; 2
LAX; Los Angeles International; Los Angeles; CA; USA; 33.942535; -118.40807; 0.17581898; 0.412695; 1
LBB; Lubbock International; Lubbock; TX; USA; 33.66364; -101.82278; 0.45582134; 0.33215714; 2
LBE; Arnold Palmer Regional; Latrobe; PA; USA; 40.27594; -79.4048; 0.8152581; 0.5990786; 2
LBF; North Platte Regional; North Platte; NE; USA; 41.126213; -100.683655; 0.48306587; 0.59385866; 2
LBL; Liberal Municipal; Liberal; KS; USA; 37.04421; -100.95986; 0.4743153; 0.45005548; 2
LBO; Floyd W Jones Lebanon; Lebanon; MO; USA; 37.647182; -92.653755; 0.6102885; 0.46942294; 2
LBT; Lumberton Municipal; Lumberton; NC; USA; 34.609917; -79.05945; 0.8416765; 0.40347314; 2
LBX; Brazoria County; Angleton; TX; USA; 29.108639; -95.46208; 0.5655441; 0.16687757; 2
LCG; Wayne Municipal; Wayne; NE; USA; 42.24189; -96.981415; 0.54076886; 0.63035345; 2
LCH; Lake Charles Regional; Lake Charles; LA; USA; 30.126097; -93.223404; 0.6056072; 0.20371622; 2
LCI; Laconia Municipal; Laconia; NH; USA; 43.572727; -71.4189; 0.9201485; 0.7569981; 2
LCK; Rickenbacker International; Columbus; OH; USA; 39.81376; -82.927864; 0.7618939; 0.5683837; 2
LCQ; Lake City Municipal; Lake City; FL; USA; 30.182056; -82.57686; 0.7957821; 0.23307174; 2
LDJ; Linden; Linden; NJ; USA; 40.617447; -74.24459; 0.8930775; 0.63822734; 2
LDM; Mason County; Ludington; MI; USA; 43.962532; -86.40791; 0.6984909; 0.7029841; 2
LEB; Lebanon Municipal; Lebanon; NH; USA; 43.626373; -72.30427; 0.9070262; 0.7532064; 2
LEE; Leesburg Regional; Leesburg; FL; USA; 28.822744; -81.809006; 0.813615; 0.18933725; 2
LEM; Lemmon Municipal; Lemmon; SD; USA; 45.918697; -102.10618; 0.46743387; 0.7642529; 2
LEW; Auburn-Lewiston Municipal; Auburn-Lewiston; ME; USA; 44.048473; -70.28351; 0.93392223; 0.78062904; 2
LEX; Blue Grass; Lexington; KY; USA; 38.036972; -84.60539; 0.7400376; 0.50023955; 2
LFK; Lufkin-Angelina County; Lufkin; TX; USA; 31.234015; -94.75; 0.57790387; 0.24164748; 2
LFT; Lafayette Regional; Lafayette; LA; USA; 30.20528; -91.987656; 0.6277081; 0.20782745; 2
LGA; LaGuardia; New York; NY; USA; 40.777245; -73.87261; 0.8979685; 0.6459662; 2
LGB; Long Beach (Daugherty); Long Beach; CA; USA; 33.817722; -118.15161; 0.17948444; 0.40668988; 1
LGC; LaGrange-Callaway; Lagrange; GA; USA; 33.008846; -85.07261; 0.7446086; 0.3222177; 2
LGD; La Grande/Union County; La Grande; OR; USA; 45.29021; -118.00711; 0.2370301; 0.79994094; 2
LGU; Logan-Cache; Logan; UT; USA; 41.78773; -111.852684; 0.3130364; 0.6484019; 2
LHD; Lake Hood SPB; Anchorage; AK; USA; 61.180004; -149.97194; 0.20218171; 0.13511306; 2
LHM; Lincoln Regional; Lincoln; CA; USA; 38.90916; -121.35133; 0.15449017; 0.6032109; 2
LHQ; Fairfield County; Lancaster; OH; USA; 39.755646; -82.65711; 0.76630604; 0.567349; 2
LHV; Wm T Piper Memorial; Lock Haven; PA; USA; 41.13618; -77.42053; 0.8424075; 0.6385714; 2
LHX; La Junta Muni; La Junta; CO; USA; 38.051342; -103.51069; 0.43416587; 0.4902085; 2
LHZ; Franklin County; Louisburg; NC; USA; 36.023346; -78.33027; 0.84836596; 0.4563467; 2
LIC; Limon Municipal; Limon; CO; USA; 39.272766; -103.666336; 0.43371662; 0.5336188; 2
LIH; Lihue; Lihue; HI; USA; 21.975983; -159.33896; 0.31536373; 0.15158296; 1
LIT; Adams; Little Rock; AR; USA; 34.729397; -92.22424; 0.61971396; 0.36676735; 2
LJF; Litchfield Municipal; Litchfield; MN; USA; 45.09713; -94.50727; 0.5776438; 0.73097277; 2
LKP; Lake Placid; Lake Placid; NY; USA; 44.264473; -73.96187; 0.87985426; 0.76507425; 2
LKR; Lancaster County; Lancaster; SC; USA; 34.722916; -80.85458; 0.8112762; 0.3987888; 2
LKU; Louisa County / Freeman; Louisa; VA; USA; 38.009834; -77.97014; 0.84639806; 0.52724695; 2
LKV; Lake County; Lakeview; OR; USA; 42.16111; -120.39907; 0.18653254; 0.70771086; 2
LLJ; Challis; Challis; ID; USA; 44.52298; -114.21757; 0.28812766; 0.7539037; 2
LLQ; Monticello Municipal; Monticello; AR; USA; 33.638554; -91.751015; 0.62874466; 0.3288595; 2
LLU; Lamar Municipal; Lamar; MO; USA; 37.489494; -94.31151; 0.5833415; 0.4626385; 2
LMS; Louisville-Winston County; Louisville; MS; USA; 33.14621; -89.06248; 0.6756062; 0.31611717; 2
LMT; Klamath Falls International; Klamath Falls; OR; USA; 42.156143; -121.73321; 0.16679752; 0.7165127; 2
LNA; Palm Beach County Park; Lantana; FL; USA; 26.593; -80.08505; 0.85235184; 0.121001184; 2
LNC; Lancaster; Lancaster; TX; USA; 32.57919; -96.71905; 0.5432459; 0.2888322; 2
LND; Hunt; Lander; WY; USA; 42.815235; -108.729836; 0.36340147; 0.6721887; 2
LNK; Lincoln Municipal; Lincoln; NE; USA; 40.85097; -96.75925; 0.54393137; 0.581194; 2
LNL; Kings Land O' Lakes; Land O' Lakes; WI; USA; 46.153877; -89.211945; 0.653601; 0.7735872; 2
LNN; Lost Nation; Willoughby; OH; USA; 41.683918; -81.390305; 0.7799557; 0.6396371; 2
LNP; Lonesome Pine; Wise; VA; USA; 36.98743; -82.530174; 0.7765012; 0.47087556; 2
LNS; Lancaster; Lancaster; PA; USA; 40.121716; -76.2961; 0.8638906; 0.6093749; 2
LNY; Lanai; Lanai City; HI; USA; 20.78561; -156.95142; 0.36179313; 0.109823704; 2
LOL; Derby; Lovelock; NV; USA; 40.066406; -118.56516; 0.20341711; 0.624228; 2
LOT; Lewis University; Chicago/Romeoville; IL; USA; 41.608444; -88.09094; 0.6776033; 0.6164189; 2
LOU; Bowman; Louisville; KY; USA; 38.228; -85.66372; 0.7225584; 0.50365937; 2
LOZ; London-Corbin  Magee; London; KY; USA; 37.087276; -84.076775; 0.75103617; 0.4686705; 2
LPC; Lompoc; Lompoc; CA; USA; 34.66561; -120.46679; 0.145509; 0.45188642; 2
LPR; Lorain Co Regional; Lorain/Elyria; OH; USA; 41.344276; -82.177635; 0.7689926; 0.6247244; 2
LQK; Pickens County; Pickens; SC; USA; 34.80997; -82.70289; 0.7800582; 0.3939653; 2
LQR; Larned-Pawnee County; Larned; KS; USA; 38.208096; -99.086075; 0.50586605; 0.4890167; 2
LRD; Laredo International; Laredo; TX; USA; 27.54374; -99.46154; 0.49168658; 0.114120424; 2
LRG; Lincoln Regional; Lincoln; ME; USA; 45.36216; -68.534744; 0.9511448; 0.83695567; 2
LRJ; Le Mars Municipal; Le Mars; IA; USA; 42.77802; -96.19369; 0.55283016; 0.64913243; 2
LRU; Las Cruces International; Las Cruces; NM; USA; 32.289417; -106.921974; 0.36529508; 0.29701328; 2
LSB; Lordsburg Municipal; Lordsburg; NM; USA; 32.33278; -108.69097; 0.3347361; 0.30498505; 2
LSE; La Crosse Municipal; La Crosse; WI; USA; 43.87938; -91.25654; 0.626524; 0.6908853; 2
LSK; Lusk Muni; Lusk; WY; USA; 42.753807; -104.40456; 0.4284347; 0.6577711; 2
LSN; Los Banos Municipal; Los Banos; CA; USA; 37.062904; -120.86925; 0.15192065; 0.53671426; 2
LUG; Ellington; Lewisburg; TN; USA; 35.506973; -86.80389; 0.7097369; 0.40467256; 2
LUK; Cincinnati Muni-Lunken; Cincinnati; OH; USA; 39.103344; -84.41862; 0.740323; 0.5383024; 2
LUL; Hesler-Noble; Laurel; MS; USA; 31.672552; -89.172226; 0.67592406; 0.2641058; 2
LUP; Kalaupapa; Kalaupapa; HI; USA; 21.21104; -156.9736; 0.36135882; 0.12463784; 2
LVJ; Clover; Houston; TX; USA; 29.521305; -95.242165; 0.5694726; 0.18137574; 2
LVK; Livermore Municipal; Livermore; CA; USA; 37.6934; -121.82035; 0.14040123; 0.56514287; 2
LVM; Mission; Livingston; MT; USA; 45.69939; -110.4483; 0.3467256; 0.77862763; 2
LVN; Airlake; Minneapolis; MN; USA; 44.627853; -93.22811; 0.59667104; 0.71521926; 2
LVS; Las Vegas Municipal; Las Vegas; NM; USA; 35.65422; -105.14239; 0.40299127; 0.40970778; 2
LWB; Greenbrier Valley; Lewisburg; WV; USA; 37.858307; -80.399475; 0.80813855; 0.5102695; 2
LWC; Lawrence Municipal; Lawrence; KS; USA; 39.01115; -95.216576; 0.56829846; 0.51614916; 2
LWD; Lamoni Municipal; Lamoni; IA; USA; 40.63333; -93.90217; 0.58856934; 0.57403374; 2
LWL; Wells Municipal/Harriet; Wells; NV; USA; 41.118534; -114.922264; 0.26383498; 0.6397191; 2
LWM; Lawrence Municipal; Lawrence; MA; USA; 42.71721; -71.12343; 0.92905414; 0.72981083; 2
LWS; Lewiston-Nez Perce County; Lewiston; ID; USA; 46.374496; -117.015396; 0.25609073; 0.83148867; 2
LWT; Lewistown Muni; Lewistown; MT; USA; 47.04914; -109.4666; 0.36478174; 0.8218063; 2
LWV; Lawrenceville-Vincennes Municipal; Lawrenceville; IL; USA; 38.764297; -87.6055; 0.69032323; 0.5173528; 2
LXL; Little Falls - Morrison County; Little Falls; MN; USA; 45.949436; -94.347084; 0.5796831; 0.7608941; 2
LXN; Lexington (Jim Kelly); Lexington; NE; USA; 40.791; -99.777275; 0.4968476; 0.58096915; 2
LXT; Lee's Summit Municipal; Lee's Summit; MO; USA; 38.95975; -94.37158; 0.5818318; 0.5146201; 2
LXV; Lake County; Leadville; CO; USA; 39.22027; -106.31669; 0.3915472; 0.5384991; 2
LXY; Mexia-Limestone County; Mexia; TX; USA; 31.639835; -96.514725; 0.5466978; 0.25571722; 2
LYH; Lynchburg Municipal-Preston Glenn; Lynchburg; VA; USA; 37.326687; -79.20043; 0.8293023; 0.49732494; 2
LYO; Lyons-Rice County Municipal; Lyons; KS; USA; 38.342613; -98.2271; 0.51981866; 0.4931203; 2
LZU; Gwinnett County; Lawrenceville; GA; USA; 33.978077; -83.96238; 0.76113474; 0.36004597; 2
M01; General Dewitt Spain; Memphis; TN; USA; 35.20069; -90.05398; 0.655813; 0.38655692; 2
M02; Dickson Municipal; Dickson; TN; USA; 36.12932; -87.43007; 0.6981069; 0.424936; 2
M03; Dennis F Cantrell; Conway; AR; USA; 35.080807; -92.424965; 0.6160393; 0.3789538; 2
M04; Covington Municipal; Covington; TN; USA; 35.583366; -89.58722; 0.663114; 0.40091354; 2
M05; Caruthersville Memorial; Caruthersville; MO; USA; 36.175068; -89.67508; 0.6608202; 0.4216234; 2
M08; William L. Whitehurst; Bolivar; TN; USA; 35.21446; -89.043365; 0.672768; 0.38898766; 2
M09; Piedmont Municipal; Piedmont; MO; USA; 37.126717; -90.7129; 0.642492; 0.45345825; 2
M11; Copiah County; Crystal Springs; MS; USA; 31.902937; -90.368706; 0.65461063; 0.2698729; 2
M13; Poplarville-Pearl River County; Poplarville; MS; USA; 30.78602; -89.50451; 0.6713485; 0.23231786; 2
M15; Perry County; Linden; TN; USA; 35.5959; -87.87669; 0.6916625; 0.4050455; 2
M16; John Bell Williams; Raymond; MS; USA; 32.30334; -90.408485; 0.65342146; 0.28387797; 2
M17; Bolivar Municipal; Bolivar; MO; USA; 37.59693; -93.34765; 0.5990155; 0.4670443; 2
M18; Hope Municipal; Hope; AR; USA; 33.72009; -93.658844; 0.5959446; 0.3298207; 2
M19; Newport Municipal; Newport; AR; USA; 35.63772; -91.17638; 0.63648117; 0.40018135; 2
M21; Muhlenberg County; Greenville; KY; USA; 37.225613; -87.157524; 0.7004837; 0.46424627; 2
M22; Russellville Municipal; Russellville; AL; USA; 34.44954; -87.71031; 0.6965322; 0.36509532; 2
M23; James H. Easom; Newton; MS; USA; 32.31181; -89.135895; 0.67559904; 0.2866302; 2
M24; Dean Griffin Memorial; Wiggins; MS; USA; 30.843245; -89.159775; 0.6773866; 0.23504853; 2
M25; Mayfield-Graves County; Mayfield; KY; USA; 36.76911; -88.584724; 0.6779248; 0.44477737; 2
M27; Waldron Municipal; Waldron; AR; USA; 34.8751; -94.10993; 0.58772343; 0.37030935; 2
M29; Hassel; Clifton; TN; USA; 35.385075; -87.96753; 0.69051975; 0.39740157; 2
M30; Metropolis Municipal; Metropolis; IL; USA; 37.185886; -88.75061; 0.67453086; 0.4591233; 2
M32; Lake Village Municipal; Lake Village; AR; USA; 33.345978; -91.3157; 0.6365172; 0.31914192; 2
M33; Sumner County Regional; Gallatin; TN; USA; 36.376846; -86.40876; 0.7144923; 0.43637735; 2
M34; Kentucky Dam State Park; Gilbertsville; KY; USA; 37.0095; -88.29587; 0.6822646; 0.45389146; 2
M36; Frank Federer Memorial; Brinkley; AR; USA; 34.88; -91.17644; 0.63728607; 0.37343484; 2
M37; Ruleville-Drew; Drew; MS; USA; 33.77639; -90.52501; 0.6496148; 0.33553153; 2
M39; Mena Intermountain Municipal; Mena; AR; USA; 34.545395; -94.20265; 0.5862866; 0.35861236; 2
M40; Monroe County; Aberdeen-Amory; MS; USA; 33.87375; -88.48968; 0.6842789; 0.34297383; 2
M41; Holly Springs-Marshall County; Holly Springs; MS; USA; 34.804348; -89.52111; 0.6653314; 0.37357157; 2
M43; Prentiss-Jefferson Davis County; Prentiss; MS; USA; 31.595446; -89.90619; 0.66312945; 0.2599182; 2
M44; Houston Municipal; Houston; MS; USA; 33.89178; -89.023674; 0.67513096; 0.34243453; 2
M46; Colstrip; Colstrip; MT; USA; 45.85285; -106.709274; 0.4009118; 0.77188617; 2
M48; Houston Memorial; Houston; MO; USA; 37.330093; -91.97317; 0.62165326; 0.45893925; 2
M52; Franklin-Wilkins; Lexington; TN; USA; 35.651318; -88.37894; 0.683186; 0.40582514; 2
M53; Humboldt Municipal; Humboldt; TN; USA; 35.80218; -88.87495; 0.6746721; 0.41005945; 2
M54; Lebanon Municipal; Lebanon; TN; USA; 36.19042; -86.3157; 0.71642494; 0.43008137; 2
M58; Monett Municipal; Monett; MO; USA; 36.906216; -94.01276; 0.5884754; 0.4421665; 2
M59; Richton-Perry County; Richton; MS; USA; 31.3174; -88.93505; 0.68064076; 0.25216174; 2
M60; Woodruff County; Augusta; AR; USA; 35.27175; -91.2704; 0.6352908; 0.38712734; 2
M65; Wynne Municipal; Wynne; AR; USA; 35.2316; -90.76155; 0.6438848; 0.38646668; 2
M70; Pocahontas Municipal; Pocahontas; AR; USA; 36.24551; -90.95521; 0.6395022; 0.42196697; 2
M72; New Albany-Union County; New Albany; MS; USA; 34.547222; -89.02417; 0.6741157; 0.36551535; 2
M73; Almyra Municipal; Almyra; AR; USA; 34.412327; -91.46635; 0.6328577; 0.35652608; 2
M75; Malta; Malta; MT; USA; 48.366943; -107.91934; 0.39000374; 0.8623448; 2
M76; Picayune Municipal; Picayune; MS; USA; 30.487484; -89.65119; 0.6691574; 0.22155929; 2
M77; Howard County; Nashville; AR; USA; 33.99674; -93.838135; 0.59273654; 0.3394602; 2
M78; Malvern Municipal; Malvern; AR; USA; 34.333317; -92.7615; 0.61090153; 0.35221916; 2
M79; John H Hooks Jr Memorial; Rayville; LA; USA; 32.486336; -91.770874; 0.6294759; 0.2882455; 2
M82; Madison County Executive; Huntsville; AL; USA; 34.85645; -86.55621; 0.7152231; 0.3824805; 2
M83; McCharen; West Point; MS; USA; 33.584034; -88.66669; 0.68172365; 0.33238107; 2
M89; Dexter B. Florence Memorial; Arkadelphia; AR; USA; 34.099846; -93.06612; 0.6058682; 0.34369516; 2
M91; Springfield-Robertson County; Springfield; TN; USA; 36.537262; -86.92069; 0.70572585; 0.44062257; 2
M95; Richard Arthur; Fayette; AL; USA; 33.71222; -87.81505; 0.6960863; 0.33890057; 2
M97; Tunica Municipal; Tunica; MS; USA; 34.69232; -90.350655; 0.6514603; 0.36811185; 2
M99; Saline County/Watts; Benton; AR; USA; 34.556564; -92.60694; 0.6133648; 0.3602538; 2
MAC; Herbert Smart Downtown; Macon; GA; USA; 32.82214; -83.56203; 0.771083; 0.32109928; 2
MAE; Madera Municipal; Madera; CA; USA; 36.985718; -120.111984; 0.16354194; 0.5287274; 2
MAF; Midland International; Midland; TX; USA; 31.942528; -102.20191; 0.44697595; 0.2723146; 2
MAI; Marianna Municipal; Marianna; FL; USA; 30.837805; -85.18189; 0.74787694; 0.24592751; 2
MAL; Malone-Dufort; Malone; NY; USA; 44.853657; -74.32895; 0.87177604; 0.7831387; 2
MAO; Marion County; Marion; SC; USA; 34.181168; -79.334724; 0.8386457; 0.38717836; 2
MAW; Malden Municipal; Malden; MO; USA; 36.600555; -89.9922; 0.6549963; 0.43606627; 2
MBG; Mobridge Municipal; Mobridge; SD; USA; 45.546505; -100.40792; 0.4916219; 0.7489436; 2
MBL; Manistee County Blacker; Manistee; MI; USA; 44.273197; -86.249; 0.7001837; 0.7142541; 2
MBO; Bruce Campbell; Madison; MS; USA; 32.438663; -90.103096; 0.65857303; 0.28917915; 2
MBS; Mbs International; Saginaw; MI; USA; 43.532913; -84.07965; 0.73409164; 0.69459355; 2
MBT; Murfreesboro Municipal; Murfreesboro; TN; USA; 35.877483; -86.37753; 0.71606606; 0.41889626; 2
MBY; Omar N Bradley; Moberly; MO; USA; 39.463924; -92.4276; 0.61253893; 0.53387654; 2
MCB; McComb-Pike County; McComb; MS; USA; 31.178455; -90.47188; 0.6536806; 0.24425036; 2
MCD; Mackinac Island; Mackinac Island; MI; USA; 45.864933; -84.637344; 0.7199973; 0.77415526; 2
MCE; Merced Municipal/MacReady; Merced; CA; USA; 37.28473; -120.513885; 0.15874928; 0.54177475; 2
MCG; McGrath; McGrath; AK; USA; 62.952873; -155.60576; 0.18282077; 0.15631467; 2
MCI; Kansas City International; Kansas City; MO; USA; 39.297604; -94.713905; 0.57625705; 0.5264286; 1
MCK; McCook Municipal; McCook; NE; USA; 40.20639; -100.591805; 0.48355925; 0.5612733; 2
MCN; Middle Georgia Regional; Macon; GA; USA; 32.69285; -83.64921; 0.7699326; 0.3162489; 2
MCO; Orlando International; Orlando; FL; USA; 28.428888; -81.316025; 0.8237593; 0.17802298; 1
MCW; Mason City Municipal; Mason City; IA; USA; 43.15779; -93.33126; 0.5960104; 0.6634612; 2
MCX; White County; Monticello; IN; USA; 40.708817; -86.76676; 0.6997706; 0.58789194; 2
MCZ; Martin County; Williamston; NC; USA; 35.862194; -77.1782; 0.8678663; 0.4569311; 2
MDD; Midland Airpark; Midland; TX; USA; 32.036526; -102.10103; 0.44886914; 0.27542388; 2
MDF; Mooreland Municipal; Mooreland; OK; USA; 36.484756; -99.19416; 0.50290376; 0.42817926; 2
MDH; Southern Illinois; Carbondale; IL; USA; 37.778095; -89.25203; 0.66544896; 0.4790033; 2
MDR; Medfra; Medfra; AK; USA; 63.105778; -154.71898; 0.18575776; 0.1581083; 2
MDS; Madison Municipal; Madison; SD; USA; 44.015972; -97.08593; 0.5395951; 0.6928677; 2
MDT; Harrisburg Intl; Harrisburg; PA; USA; 40.193497; -76.763405; 0.8563817; 0.60933673; 2
MDW; Chicago Midway; Chicago; IL; USA; 41.785984; -87.752426; 0.6824831; 0.62340975; 1
MDZ; Taylor County; Medford; WI; USA; 45.100975; -90.30341; 0.63920116; 0.73503447; 2
MEB; Laurinburg-Maxton; Maxton; NC; USA; 34.79194; -79.365845; 0.8358945; 0.40826547; 2
MEI; Key; Meridian; MS; USA; 32.333134; -88.751205; 0.68226814; 0.28821957; 2
MEJ; Meade Municipal; Meade; KS; USA; 37.27939; -100.35631; 0.48444575; 0.45754808; 2
MEM; Memphis International; Memphis; TN; USA; 35.042416; -89.97667; 0.6573222; 0.38111264; 1
MER; Castle; Atwater; CA; USA; 37.38048; -120.56819; 0.15840316; 0.5454327; 2
MEV; Minden-Tahoe; Minden; NV; USA; 39.00031; -119.75081; 0.17974944; 0.59529513; 2
MEY; Mapleton Municipal; Mapleton; IA; USA; 42.178295; -95.79365; 0.558924; 0.62798524; 2
MFD; Mansfield Lahm Municipal; Mansfield; OH; USA; 40.821415; -82.51664; 0.7653479; 0.605173; 2
MFE; McAllen Miller International; McAllen; TX; USA; 26.175833; -98.23861; 0.5136553; 0.065378726; 2
MFI; Marshfield Municipal; Marshfield; WI; USA; 44.63688; -90.18932; 0.6414603; 0.7189479; 2
MFR; Rogue Valley International; Medford; OR; USA; 42.37423; -122.8735; 0.15128627; 0.7319368; 2
MFV; Accomack County; Melfa; VA; USA; 37.64689; -75.761055; 0.88310724; 0.5267712; 2
MGC; Michigan City Municipal; Michigan City; IN; USA; 41.703316; -86.82124; 0.69691443; 0.62271607; 2
MGJ; Orange Cty; Montgomery; NY; USA; 41.509983; -74.26465; 0.8885319; 0.6688163; 2
MGM; Montgomery Regional Apt; Montgomery; AL; USA; 32.300644; -86.393974; 0.7233504; 0.29322773; 2
MGR; Moultrie Municipal; Moultrie; GA; USA; 31.08491; -83.80325; 0.7715728; 0.2595353; 2
MGW; Morgantown Muni-Walter L. Bill Hart Fld.; Morgantown; WV; USA; 39.642906; -79.91631; 0.80957365; 0.5746968; 2
MGY; Dayton Wright Brothers; Dayton; OH; USA; 39.588974; -84.22486; 0.74213564; 0.5559872; 2
MHE; Mitchell Municipal; Mitchell; SD; USA; 43.774834; -98.03861; 0.5253011; 0.6847812; 2
MHK; Manhattan Regional; Manhattan; KS; USA; 39.14097; -96.67083; 0.5450565; 0.520718; 2
MHL; Marshall Memorial Municipal; Marshall; MO; USA; 39.095757; -93.20288; 0.6004498; 0.52016336; 2
MHM; Minchumina; Minchumina; AK; USA; 63.880566; -152.30067; 0.19354965; 0.1677258; 2
MHP; Metter Municipal; Metter; GA; USA; 32.37389; -82.07919; 0.7979461; 0.31147116; 2
MHR; Sacramento Mather; Sacramento; CA; USA; 38.553898; -121.29759; 0.15335956; 0.5907028; 2
MHT; Manchester; Manchester; NH; USA; 42.934517; -71.43706; 0.9232928; 0.7351514; 2
MHV; Mojave; Mojave; CA; USA; 35.059364; -118.151855; 0.18548852; 0.4493584; 2
MIA; Miami International; Miami; FL; USA; 25.79325; -80.29056; 0.851269; 0.09252298; 1
MIC; Crystal; Minneapolis; MN; USA; 45.061985; -93.353935; 0.5945631; 0.730361; 2
MIE; Delaware County; Muncie; IN; USA; 40.242348; -85.39586; 0.7221573; 0.57526743; 2
MIO; Miami Municipal; Miami; OK; USA; 36.90922; -94.8875; 0.57407826; 0.44187707; 2
MIT; Shafter-Minter; Shafter; CA; USA; 35.505928; -119.19152; 0.17071034; 0.47166002; 2
MIV; Millville Muni; Millville; NJ; USA; 39.367805; -75.07222; 0.88618237; 0.5902511; 2
MIW; Marshalltown Municipal; Marshalltown; IA; USA; 42.11273; -92.917786; 0.6029519; 0.6269561; 2
MJQ; Jackson Municipal; Jackson; MN; USA; 43.65004; -94.98655; 0.5709418; 0.67997575; 2
MJX; Robert J. Miller Airpark; Toms River; NJ; USA; 39.927498; -74.29238; 0.8956255; 0.61418474; 2
MKA; Miller Municipal; Miller; SD; USA; 44.525246; -98.958115; 0.51205015; 0.711757; 2
MKC; Downtown; Kansas City; MO; USA; 39.12324; -94.592735; 0.5782415; 0.52030766; 2
MKE; General Mitchell International; Milwaukee; WI; USA; 42.947224; -87.89658; 0.6782048; 0.66389465; 1
MKG; Muskegon County; Muskegon; MI; USA; 43.169487; -86.23822; 0.7027046; 0.6756525; 2
MKJ; Mountain Empire; Marion; VA; USA; 36.89485; -81.34995; 0.79599285; 0.47246093; 2
MKK; Molokai; Kaunakakai; HI; USA; 21.152885; -157.09625; 0.35896575; 0.122614324; 2
MKL; McKellar-Sipes Regional; Jackson; TN; USA; 35.59988; -88.91562; 0.6743107; 0.40284133; 2
MKO; Davis; Muskogee; OK; USA; 35.65773; -95.36165; 0.56645066; 0.3974958; 2
MKT; Mankato Regional; Mankato; MN; USA; 44.221645; -93.91875; 0.5866669; 0.700513; 2
MKV; Marksville Municipal; Marksville; LA; USA; 31.09466; -92.06907; 0.6254831; 0.2389338; 2
MKY; Marco Island; Marco Island; FL; USA; 25.995028; -81.67253; 0.82485646; 0.09251958; 2
MLB; Melbourne International; Melbourne; FL; USA; 28.10275; -80.645805; 0.8369742; 0.17003542; 2
MLC; McAlester Regional; McAlester; OK; USA; 34.8824; -95.78346; 0.5594284; 0.37003875; 2
MLE; Millard; Omaha; NE; USA; 41.196; -96.112274; 0.55402565; 0.5933051; 2
MLF; Milford Municipal; Milford; UT; USA; 38.426632; -113.01246; 0.28291336; 0.53665984; 2
MLI; Quad City; Moline; IL; USA; 41.44853; -90.50754; 0.64062065; 0.60635614; 2
MLJ; Baldwin County; Milledgeville; GA; USA; 33.154194; -83.24061; 0.77568454; 0.33394486; 2
MLL; Marshall; Marshall; AK; USA; 61.86592; -162.06905; 0.16060284; 0.14565688; 2
MLS; Frank Wiley; Miles City; MT; USA; 46.42796; -105.88624; 0.4140069; 0.7897163; 2
MLT; Millinocket Municipal; Millinocket; ME; USA; 45.647835; -68.68556; 0.94735104; 0.8454995; 2
MLU; Monroe Regional; Monroe; LA; USA; 32.510864; -92.03769; 0.62480706; 0.2887712; 2
MLY; Manley Hot Springs; Manley Hot Springs; AK; USA; 64.99757; -150.64413; 0.19843091; 0.18175828; 2
MMH; Mammoth Yosemite; Mammoth Lakes; CA; USA; 37.62405; -118.83777; 0.18704553; 0.54202724; 2
MMI; McMinn County; Athens; TN; USA; 35.397305; -84.56257; 0.74737567; 0.40768766; 2
MMK; Meriden-Markham Municipal; Meriden; CT; USA; 41.508717; -72.829475; 0.9100874; 0.677518; 2
MML; Marshall Muni - Ryan; Marshall; MN; USA; 44.450066; -95.82234; 0.5583964; 0.70797336; 2
MMU; Morristown Municipal; Morristown; NJ; USA; 40.79935; -74.41487; 0.88962454; 0.6434756; 2
MMV; McMinnville Muni; McMinnville; OR; USA; 45.194443; -123.13595; 0.16401796; 0.829018; 2
MNF; Mountain View; Mountain View; MO; USA; 36.99283; -91.714455; 0.62620246; 0.4473315; 2
MNI; Clarendon County; Manning; SC; USA; 33.587112; -80.208664; 0.826009; 0.3622272; 2
MNM; Menominee-Marinette Twin County; Menominee; MI; USA; 45.12665; -87.63844; 0.67810136; 0.740796; 2
MNN; Marion Municipal; Marion; OH; USA; 40.61625; -83.06347; 0.7574854; 0.59599805; 2
MNV; Monroe County; Madisonville; TN; USA; 35.545372; -84.38023; 0.75003654; 0.4135074; 2
MNZ; Hamilton Municipal; Hamilton; TX; USA; 31.665926; -98.148636; 0.5179228; 0.25731504; 2
MO6; Washington Memorial; Washington; MO; USA; 38.591633; -90.99761; 0.6362088; 0.50479007; 2
MO85; Lawrence Smith Memorial; Harrisonville; MO; USA; 38.611023; -94.34213; 0.58243084; 0.5022986; 2
MOB; Mobile Regional; Mobile; AL; USA; 30.691416; -88.242836; 0.6939137; 0.231843; 2
MOD; Modesto City-County-Harry Sham; Modesto; CA; USA; 37.625816; -120.95442; 0.15363576; 0.5565585; 2
MOP; Mount Pleasant Municipal; Mount Pleasant; MI; USA; 43.62167; -84.73749; 0.72407895; 0.6956718; 2
MOR; Moore-Murrell; Morristown; TN; USA; 36.179398; -83.37545; 0.7649791; 0.43933952; 2
MOT; Minot International; Minot; ND; USA; 48.259377; -101.280334; 0.4820553; 0.8445193; 2
MOU; Mountain Village; Mountain Village; AK; USA; 62.095364; -163.68205; 0.15538168; 0.14968866; 2
MOX; Morris Municipal; Morris; MN; USA; 45.566517; -95.967636; 0.5562385; 0.74713683; 2
MPE; Philadelphia Municipal; Philadelphia; MS; USA; 32.799576; -89.12589; 0.67503655; 0.3037936; 2
MPJ; Petit Jean Park; Morrilton; AR; USA; 35.138863; -92.909195; 0.60783905; 0.38052183; 2
MPO; Pocono Mountains Muni; Mount Pocono; PA; USA; 41.137478; -75.378876; 0.8734292; 0.6495584; 2
MPR; McPherson; McPherson; KS; USA; 38.352436; -97.69133; 0.52846944; 0.49316722; 2
MPV; Edward F Knapp State; Barre-Montpelier; VT; USA; 44.203506; -72.56233; 0.9003397; 0.77129173; 2
MPZ; Mount Pleasant Municipal; Mount Pleasant; IA; USA; 40.946613; -91.51108; 0.6256263; 0.58727515; 2
MQB; Macomb Municipal; Macomb; IL; USA; 40.520344; -90.652466; 0.63947797; 0.5734012; 2
MQI; Dare County Regional; Manteo; NC; USA; 35.918987; -75.69554; 0.8918377; 0.46741998; 2
MQJ; Mount Comfort; Indianapolis; IN; USA; 39.843487; -85.897064; 0.71521086; 0.55980015; 2
MQW; Telfair-Wheeler; McRae; GA; USA; 32.09578; -82.88003; 0.78490496; 0.29842776; 2
MQY; Smyrna; Smyrna; TN; USA; 36.00898; -86.52007; 0.7134248; 0.42312062; 2
MRB; Eastern Wv Reg/Shephard; Martinsburg; WV; USA; 39.40193; -77.98458; 0.8406637; 0.57553947; 2
MRC; Maury County; Columbia-Mt Pleasant; TN; USA; 35.55414; -87.17892; 0.70338464; 0.40532935; 2
MRF; Marfa Municipal; Marfa; TX; USA; 30.371471; -104.01669; 0.41244867; 0.22129524; 2
MRH; Michael J. Smith; Beaufort; NC; USA; 34.73355; -76.6606; 0.8811138; 0.42076635; 2
MRI; Merrill; Anchorage; AK; USA; 61.21438; -149.84616; 0.20260459; 0.13558096; 2
MRJ; Iowa County; Mineral Point; WI; USA; 42.88533; -90.23199; 0.643049; 0.6573755; 2
MRN; Morganton-Lenoir; Morganton; NC; USA; 35.82149; -81.61073; 0.795146; 0.43383116; 2
MRY; Monterey Peninsula; Monterey; CA; USA; 36.586983; -121.84295; 0.13381079; 0.5276048; 2
MSA; Mount Pleasant Municipal; Mount Pleasant; TX; USA; 33.12936; -94.97564; 0.57348144; 0.30830753; 2
MSL; Northwest Alabama Regional; Muscle Shoals; AL; USA; 34.74532; -87.61023; 0.6976808; 0.3757543; 2
MSN; Dane County Regional; Madison; WI; USA; 43.13986; -89.33752; 0.6561908; 0.66781306; 2
MSO; Missoula International; Missoula; MT; USA; 46.916306; -114.09055; 0.29937518; 0.8355852; 2
MSP; Minneapolis-St Paul Intl; Minneapolis; MN; USA; 44.880547; -93.21692; 0.596682; 0.7240944; 1
MSS; Massena Int'l-Richards; Massena; NY; USA; 44.935825; -74.84554; 0.86399186; 0.7830895; 2
MSV; Sullivan Cty Intl; Monticello; NY; USA; 41.70165; -74.79501; 0.8796609; 0.67232263; 2
MSY; New Orleans International; New Orleans; LA; USA; 29.99339; -90.258026; 0.6589542; 0.20308965; 2
MTH; Florida Keys Marathon; Marathon; FL; USA; 24.726141; -81.05138; 0.84051347; 0.052121937; 2
MTJ; Montrose Regional; Montrose; CO; USA; 38.508865; -107.89384; 0.36470148; 0.5184723; 2
MTM; Metlakatla SPB; Metlakatla; AK; USA; 55.131046; -131.57806; 0.27958846; 0.0862934; 2
MTN; Martin State; Baltimore; MD; USA; 39.325665; -76.413765; 0.8654938; 0.58117795; 2
MTO; Coles County Memorial; Mattoon-Charleston; IL; USA; 39.477936; -88.279236; 0.67833346; 0.54097015; 2
MTP; Montauk; Montauk; NY; USA; 41.076942; -71.9204; 0.92596334; 0.66857845; 2
MTV; Blue Ridge; Martinsville; VA; USA; 36.63075; -80.01835; 0.8185579; 0.46917963; 2
MTW; Manitowoc County; Manitowoc; WI; USA; 44.128773; -87.68059; 0.67930347; 0.7057984; 2
MUE; Waimea-Kohala; Kamuela; HI; USA; 20.001328; -155.6681; 0.3869546; 0.08258742; 2
MUT; Muscatine Municipal; Muscatine; IA; USA; 41.367863; -91.14822; 0.6308182; 0.6026033; 2
MVC; Monroe County; Monroeville; AL; USA; 31.458054; -87.35104; 0.70830125; 0.2609887; 2
MVE; Montevideo-Chippewa County; Montevideo; MN; USA; 44.969055; -95.71025; 0.5600221; 0.72620124; 2
MVI; Monte Vista Muni; Monte Vista; CO; USA; 37.528557; -106.04605; 0.39209318; 0.47820365; 2
MVL; Morrisville-Stowe State; Morrisville; VT; USA; 44.534607; -72.614006; 0.8979144; 0.7822597; 2
MVM; Machias Valley; Machias; ME; USA; 44.70311; -67.478615; 0.9699523; 0.8224138; 2
MVN; Mt Vernon-Outland; Mt. Vernon; IL; USA; 38.323353; -88.85848; 0.67097497; 0.4990288; 2
MVY; Marthas Vineyard; Marthas Vineyard; MA; USA; 41.393024; -70.614334; 0.9438277; 0.6881498; 2
MWA; Williamson County; Marion; IL; USA; 37.753136; -89.0116; 0.66938853; 0.4785986; 2
MWC; Lawrence J Timmerman; Milwaukee; WI; USA; 43.110928; -88.034424; 0.6758407; 0.66934514; 2
MWH; Grant County; Moses Lake; WA; USA; 47.207706; -119.32019; 0.22804335; 0.8726069; 2
MWK; Mount Airy-Surry County; Mount Airy; NC; USA; 36.459736; -80.552956; 0.81042683; 0.46075976; 2
MWL; Mineral Wells Municipal; Mineral Wells; TX; USA; 32.781605; -98.06017; 0.5199859; 0.29653978; 2
MWM; Windom Municipal; Windom; MN; USA; 43.913403; -95.109406; 0.5690508; 0.6892097; 2
MWO; Hook Field Municipal; Middletown; OH; USA; 39.53103; -84.39528; 0.7396; 0.55339384; 2
MXA; Manila Municipal; Manila; AR; USA; 35.894444; -90.15457; 0.6532284; 0.41085887; 2
MXO; Monticello Municipal; Monticello; IA; USA; 42.226112; -91.16708; 0.6296133; 0.63283205; 2
MYF; Montgomery; San Diego; CA; USA; 32.815735; -117.139565; 0.19175954; 0.36561424; 2
MYK; May Creek; May Creek; AK; USA; 61.335674; -142.68677; 0.22725895; 0.1419437; 2
MYL; McCall; McCall; ID; USA; 44.888794; -116.10175; 0.26244012; 0.77586174; 2
MYR; Myrtle Beach International; Myrtle Beach; SC; USA; 33.67975; -78.92834; 0.8473461; 0.3718269; 2
MYU; Mekoryuk; Mekoryuk; AK; USA; 60.37142; -166.27061; 0.1444064; 0.13126743; 2
MYV; Yuba County; Marysville; CA; USA; 39.097775; -121.569824; 0.15216728; 0.61120474; 2
MYZ; Marysville Municipal; Marysville; KS; USA; 39.854168; -96.63021; 0.54580426; 0.5459344; 2
MZJ; Pinal Airpark; Marana; AZ; USA; 32.509846; -111.32533; 0.2898128; 0.32253385; 2
MZZ; Marion Municipal; Marion; IN; USA; 40.49037; -85.679146; 0.7171664; 0.58315825; 2
N00; Maben; Lexington; NY; USA; 42.27231; -74.394035; 0.8829885; 0.69426674; 2
N03; Cortland Cty-Chase; Cortland; NY; USA; 42.592644; -76.21488; 0.8544453; 0.69518995; 2
N04; Griswold; Madison; CT; USA; 41.271183; -72.54973; 0.91549397; 0.67115223; 2
N07; Lincoln Park; Lincoln Park; NJ; USA; 40.947525; -74.3145; 0.89044756; 0.6491711; 2
N10; Perkiomen Valley; Collegeville; PA; USA; 40.20405; -75.43026; 0.8768519; 0.6170521; 2
N12; Lakewood; Lakewood; NJ; USA; 40.066784; -74.17764; 0.8967253; 0.6196738; 2
N13; Bloomsburg Muni; Bloomsburg; PA; USA; 40.99778; -76.43606; 0.857979; 0.6389215; 2
N14; Flying W; Lumbrerton; NJ; USA; 39.934277; -74.80725; 0.8876688; 0.6113511; 2
N23; Sidney Muni; Sidney; NY; USA; 42.30258; -75.415955; 0.8676244; 0.6895164; 2
N24; Questa Municipal Nr 2; Questa; NM; USA; 36.800304; -105.5975; 0.39783505; 0.45129734; 2
N25; Westport; Westport, NY; NY; USA; 44.158386; -73.43291; 0.88800836; 0.7645264; 2
N27; Bradford County; Towanda; PA; USA; 41.74324; -76.44457; 0.8546589; 0.66464627; 2
N29; Magdalena; Magdalena; NM; USA; 34.09451; -107.29781; 0.3632493; 0.361515; 2
N30; Cherry Ridge; Honesdale; PA; USA; 41.51534; -75.25148; 0.8736461; 0.6633064; 2
N35; Punxsutawney Muni; Punxsutawney; PA; USA; 40.966675; -78.93001; 0.82001644; 0.6253134; 2
N37; Monticello; Monticello; NY; USA; 41.62249; -74.70141; 0.88143504; 0.6701369; 2
N38; Grand Canyon State; Wellsboro; PA; USA; 41.7279; -77.396515; 0.8403628; 0.6591896; 2
N40; Sky Manor; Pittstown; NJ; USA; 40.56627; -74.97864; 0.88212126; 0.63214374; 2
N47; Pottstown Muni; Pottstown; PA; USA; 40.260403; -75.67085; 0.87290335; 0.61763656; 2
N51; Solberg-Hunterdon; Readington; NJ; USA; 40.582863; -74.736565; 0.8857398; 0.6341249; 2
N53; Stroudsburg-Pocono; East Stroudsburg; PA; USA; 41.035873; -75.16068; 0.8771998; 0.6472909; 2
N57; New Garden Flying; Toughkenamon; PA; USA; 39.83053; -75.769745; 0.8732887; 0.60222566; 2
N66; Oneonta Muni; Oneonta; NY; USA; 42.52477; -75.06446; 0.87184846; 0.69912344; 2
N67; Wings; Ambler; PA; USA; 40.136475; -75.26703; 0.8796662; 0.6156529; 2
N68; Chambersburg Muni; Chambersburg; PA; USA; 39.97295; -77.643265; 0.8436952; 0.5970986; 2
N69; Stormville; Stormville; NY; USA; 41.57698; -73.73235; 0.8962077; 0.67429674; 2
N72; Warwick Muni; Warwick; NY; USA; 41.287594; -74.287094; 0.8892493; 0.6610345; 2
N73; Red Lion; Vincentown; NJ; USA; 39.904152; -74.74955; 0.88869745; 0.61065245; 2
N79; Northumberland Cty; Shamokin; PA; USA; 40.83692; -76.55246; 0.8568912; 0.63273466; 2
N81; Hammonton Muni; Hammonton; NJ; USA; 39.66747; -74.75774; 0.88967186; 0.6024426; 2
N82; Wurtsboro-Sullivan Cty; Wurtsboro; NY; USA; 41.597206; -74.458405; 0.8852063; 0.6706785; 2
N85; Alexandria; Pittstown; NJ; USA; 40.587574; -75.01942; 0.8814007; 0.6326426; 2
N87; Trenton-Robbinsville; Robbinsville; NJ; USA; 40.213943; -74.60179; 0.88952273; 0.62220466; 2
N89; Joseph Y. Resnick; Ellenville; NY; USA; 41.72787; -74.37737; 0.88580686; 0.6756469; 2
N93; New Golovin; Golovin; AK; USA; 64.553055; -163.0089; 0.16006646; 0.17907804; 2
N99; Brandywine; West Chester; PA; USA; 39.99472; -75.583336; 0.8754354; 0.60895276; 2
NC14; Rockingham County NC Shiloh; Reidsville; NC; USA; 36.43722; -79.85101; 0.8219698; 0.4632169; 2
NC67; Ashe County; West Jefferson; NC; USA; 36.43243; -81.419685; 0.79634106; 0.45599937; 2
ND06; Cavalier Municipal; Cavalier; ND; USA; 48.783882; -97.62981; 0.53319013; 0.8595797; 2
ND12; Ellendale Municipal; Ellendale; ND; USA; 46.01247; -98.51288; 0.51944613; 0.7635585; 2
ND17; Harvey Municipal; Harvey; ND; USA; 47.791233; -99.93174; 0.5004697; 0.8267298; 2
ND26; Kenmare Municipal; Kenmare; ND; USA; 48.667583; -102.04759; 0.4718921; 0.8597242; 2
ND28; Lakota Municipal; Lakota; ND; USA; 48.031387; -98.32788; 0.52314234; 0.8338226; 2
ND29; La Moure Rott Municipal; La Moure (New Site); ND; USA; 46.346634; -98.28371; 0.5229244; 0.7750994; 2
ND33; Linton Municipal; Linton; ND; USA; 46.218304; -100.245; 0.49461386; 0.7722507; 2
ND44; Mott Municipal; Mott; ND; USA; 46.359726; -102.32294; 0.46491095; 0.7799883; 2
ND66; Washburn Municipal; Washburn; ND; USA; 47.35305; -101.02737; 0.48459482; 0.81272465; 2
NEW; Lakefront; New Orleans; LA; USA; 30.042421; -90.02826; 0.66301394; 0.205235; 2
NH12; Plymouth Municipal; Plymouth; NH; USA; 43.77924; -71.75369; 0.9142068; 0.7618804; 2
NK03; Kamp; Durhamville; NY; USA; 43.13472; -75.6489; 0.8604523; 0.71689755; 2
NQA; Millington Municipal; Millington; TN; USA; 35.356667; -89.87028; 0.65868884; 0.39238936; 2
NRN; Norton Municipal; Norton; KS; USA; 39.849144; -99.8932; 0.4942315; 0.54782593; 2
NUL; Nulato; Nulato; AK; USA; 64.72982; -158.0732; 0.17548262; 0.17868811; 2
NVD; Nevada Municipal; Nevada; MO; USA; 37.852066; -94.30486; 0.5833142; 0.47546804; 2
NY0; Fulton Cty; Johnstown; NY; USA; 42.99821; -74.32955; 0.8805169; 0.71957034; 2
O02; Nervino; Beckwourth; CA; USA; 39.820736; -120.35438; 0.17476393; 0.6274411; 2
O05; Rogers; Chester; CA; USA; 40.282352; -121.241165; 0.16375369; 0.6492896; 2
O08; Colusa County; Colusa; CA; USA; 39.17903; -121.99336; 0.14610872; 0.6170287; 2
O09; Round Valley; Covelo; CA; USA; 39.790154; -123.2664; 0.13021353; 0.6472304; 2
O11; Cherokee Nation; Stilwell; OK; USA; 35.75703; -94.64994; 0.57833135; 0.40121633; 2
O15; Turlock Municipal; Turlock; CA; USA; 37.487434; -120.69687; 0.1569456; 0.549999; 2
O16; Garberville; Garberville; CA; USA; 40.08598; -123.81364; 0.123705365; 0.66141665; 2
O17; Nevada County  Air Park; Grass Valley; CA; USA; 39.22403; -121.00308; 0.16159204; 0.61150396; 2
O19; Kneeland; Eureka; CA; USA; 40.7193; -123.92755; 0.12583305; 0.6837182; 2
O21; Hoopa; Hoopa; CA; USA; 41.042908; -123.66839; 0.1316556; 0.69270366; 2
O22; Columbia; Columbia; CA; USA; 38.030422; -120.41456; 0.1642986; 0.56659436; 2
O24; Lee Vining; Lee Vining; CA; USA; 37.95826; -119.10654; 0.18448013; 0.5552722; 2
O26; Lone Pine; Lone Pine; CA; USA; 36.58827; -118.05203; 0.19450064; 0.5013137; 2
O27; Oakdale; Oakdale; CA; USA; 37.756344; -120.80021; 0.15677077; 0.55992377; 2
O28; Ells Field-Willits Municipal; Willits; CA; USA; 39.451298; -123.372284; 0.1265877; 0.63654065; 2
O31; Healdsburg Municipal; Healdsburg; CA; USA; 38.653522; -122.89944; 0.1291258; 0.6058732; 2
O32; Reedley Municipal; Reedley; CA; USA; 36.66634; -119.44985; 0.17245333; 0.513227; 2
O35; Hollis Municipal; Hollis; OK; USA; 34.708393; -99.908714; 0.4895523; 0.36617953; 2
O37; Haigh; Orland; CA; USA; 39.72124; -122.14665; 0.14684415; 0.63660204; 2
O41; Watts-Woodland; Woodland; CA; USA; 38.673878; -121.87208; 0.14512247; 0.5989371; 2
O42; Woodlake; Woodlake; CA; USA; 36.398838; -119.10733; 0.17658941; 0.5017314; 2
O43; Yerington Municipal; Yerington; NV; USA; 39.004086; -119.15793; 0.18896592; 0.59151894; 2
O45; Hooker Municipal; Hooker; OK; USA; 36.857082; -101.22709; 0.46971524; 0.44384205; 2
O46; Weed; Weed; CA; USA; 41.47487; -122.45307; 0.15227586; 0.69842625; 2
O47; Prague Municipal; Prague; OK; USA; 35.482014; -96.71863; 0.54371285; 0.39130014; 2
O48; Little River; Little River; CA; USA; 39.26204; -123.75374; 0.11963339; 0.6330532; 2
O52; Sutter County; Yuba City; CA; USA; 39.12656; -121.60913; 0.1517227; 0.6124679; 2
O53; Medford Municipal; Medford; OK; USA; 36.790585; -97.749; 0.5269356; 0.4379468; 2
O54; Lonnie Pool /Weaverville; Weaverville; CA; USA; 40.7457; -122.92197; 0.14104396; 0.6770798; 2
O57; Bryant; Bridgeport; CA; USA; 38.26242; -119.22571; 0.18414791; 0.5665009; 2
O59; Cedarville; Cedarville; CA; USA; 41.55267; -120.166336; 0.1867738; 0.68541; 2
O60; Cloverdale Municipal; Cloverdale; CA; USA; 38.774353; -122.99222; 0.12840445; 0.6106801; 2
O61; Cameron Airpark; Cameron Park; CA; USA; 38.68407; -120.98717; 0.15889248; 0.5929476; 2
O65; Okeene Municipal; Okeene; OK; USA; 36.112537; -98.308685; 0.51736534; 0.41430342; 2
O68; Mariposa-Yosemite; Mariposa; CA; USA; 37.51077; -120.04185; 0.16741616; 0.54622483; 2
O69; Petaluma Municipal; Petaluma; CA; USA; 38.25783; -122.60554; 0.13136971; 0.5902064; 2
O70; Westover Field Amador County; Jackson; CA; USA; 38.3768; -120.79391; 0.16022852; 0.581089; 2
O81; Tulelake Municipal; Tulelake; CA; USA; 41.88738; -121.359436; 0.17082828; 0.7048042; 2
O85; Benton; Redding; CA; USA; 40.57487; -122.408066; 0.14777137; 0.6675292; 2
O86; Trinity Center; Trinity Center; CA; USA; 40.9832; -122.69419; 0.1458395; 0.68347406; 2
O88; Rio Vista Municipal; Rio Vista; CA; USA; 38.1935; -121.70239; 0.14505628; 0.58132696; 2
O89; Fall River Mills; Fall River Mills; CA; USA; 41.018776; -121.43331; 0.16492288; 0.6757295; 2
OAJ; Albert J Ellis; Jacksonville; NC; USA; 34.829163; -77.61214; 0.86492634; 0.41872376; 2
OAK; Metropolitan Oakland International; Oakland; CA; USA; 37.72129; -122.22072; 0.13428304; 0.56906426; 1
OAR; Marina Municipal; Marina; CA; USA; 36.681904; -121.76245; 0.13562602; 0.5302383; 2
OBE; Okeechobee County; Okeechobee; FL; USA; 27.262823; -80.849785; 0.8360291; 0.1400966; 2
OBU; Kobuk; Kobuk; AK; USA; 66.90917; -156.86105; 0.17992133; 0.20501107; 2
OCF; Ocala Regional/Jim Taylor; Ocala; FL; USA; 29.172611; -82.22417; 0.80507624; 0.19958216; 2
OCH; Nacogdoches-A.L. Mangham Jr. Regional; Nacogdoches; TX; USA; 31.578028; -94.70954; 0.57852286; 0.2537617; 2
OCQ; Oconto Municipal; Oconto; WI; USA; 44.87358; -87.90905; 0.6745997; 0.731372; 2
OCW; Warren; Washington; NC; USA; 35.57047; -77.04981; 0.8711788; 0.44753438; 2
ODO; Odessa-Schlemeyer; Odessa; TX; USA; 31.920567; -102.38709; 0.4437017; 0.2719059; 2
ODX; Evelyn Sharp; Ord; NE; USA; 41.62425; -98.95236; 0.5102526; 0.60961807; 2
OEB; Branch County Memorial; Coldwater; MI; USA; 41.93345; -85.05258; 0.7234476; 0.63563776; 2
OEL; Oakley Municipal; Oakley; KS; USA; 39.109943; -100.816444; 0.47886452; 0.5228424; 2
OEO; L. O. Simenstad Municipal; Osceola; WI; USA; 45.30859; -92.69008; 0.60411423; 0.73951745; 2
OFK; Karl Stefan Memorial; Norfolk; NE; USA; 41.985462; -97.43511; 0.5337546; 0.6214559; 2
OFP; Hanover County Municipal; Richmond; VA; USA; 37.70803; -77.43601; 0.8561291; 0.5195654; 2
OGA; Searle; Ogallala; NE; USA; 41.11961; -101.76894; 0.46622992; 0.59518737; 2
OGB; Orangeburg Municipal; Orangeburg; SC; USA; 33.460945; -80.85892; 0.8153963; 0.35477883; 2
OGD; Ogden-Hinckley; Ogden; UT; USA; 41.195946; -112.01218; 0.30853894; 0.628492; 2
OGG; Kahului; Kahului; HI; USA; 20.89865; -156.43045; 0.371968; 0.11378217; 1
OGM; Ontonagon County; Ontonagon; MI; USA; 46.84547; -89.36709; 0.6503693; 0.7974218; 2
OGS; Ogdensburg Intl; Ogdensburg; NY; USA; 44.681854; -75.4655; 0.85623574; 0.7710418; 2
OH17; Henry County; Napoleon; OH; USA; 41.37428; -84.06792; 0.7399199; 0.6191124; 2
OH21; Huron County; Norwalk; OH; USA; 41.244766; -82.55122; 0.7635627; 0.619851; 2
OH30; Put In Bay; Put In Bay; OH; USA; 41.63674; -82.82833; 0.75817466; 0.6325489; 2
OIC; Lt Warren Eaton; Norwich; NY; USA; 42.566555; -75.52411; 0.86483085; 0.69801366; 2
OIN; Oberlin Municipal; Oberlin; KS; USA; 39.833782; -100.53942; 0.48400924; 0.5480472; 2
OJC; Johnson County Executive; Olathe; KS; USA; 38.847603; -94.73759; 0.5760052; 0.5105029; 2
OKB; Oceanside Municipal; Oceanside; CA; USA; 33.217976; -117.35151; 0.19004554; 0.38081592; 2
OKC; Will Rogers World; Oklahoma City; OK; USA; 35.39309; -97.60073; 0.5288857; 0.38846153; 2
OKK; Kokomo Municipal; Kokomo; IN; USA; 40.52818; -86.05899; 0.71116567; 0.5834197; 2
OKM; Okmulgee Municipal; Okmulgee; OK; USA; 35.66814; -95.94869; 0.55662596; 0.39780372; 2
OKS; Garden County; Oshkosh; NE; USA; 41.40097; -102.35503; 0.45754033; 0.6060806; 2
OKV; Winchester Regional; Winchester; VA; USA; 39.14352; -78.14445; 0.8391782; 0.5657555; 2
OKZ; Kaolin; Sandersville; GA; USA; 32.96672; -82.838165; 0.7831185; 0.32899195; 2
OLD; Dewitt Field-Old Town Municipal; Old Town; ME; USA; 44.9525; -68.67433; 0.9516078; 0.8222023; 2
OLE; Olean Muni; Olean; NY; USA; 42.240067; -78.37168; 0.8236438; 0.6721578; 2
OLF; L M Clayton; Wolf Point; MT; USA; 48.094517; -105.57505; 0.4219179; 0.8467177; 2
OLM; Olympia; Olympia; WA; USA; 46.9705; -122.90221; 0.17759292; 0.8870492; 2
OLS; Nogales International; Nogales; AZ; USA; 31.417723; -110.847885; 0.29448137; 0.28233814; 2
OLU; Columbus Municipal; Columbus; NE; USA; 41.448; -97.342636; 0.535014; 0.6024503; 2
OLV; Olive Branch; Olive Branch; MS; USA; 34.97875; -89.786835; 0.66060555; 0.37921494; 2
OLY; Olney-Noble; Olney-Noble; IL; USA; 38.72183; -88.17643; 0.6812664; 0.51453906; 2
OLZ; Oelwein Municipal; Oelwein; IA; USA; 42.680843; -91.97448; 0.6168818; 0.64788425; 2
OMA; Eppley Airfield; Omaha; NE; USA; 41.302517; -95.89417; 0.55740666; 0.5970671; 2
OME; Nome; Nome; AK; USA; 64.5122; -165.44525; 0.1524965; 0.18055159; 2
OMH; Orange County; Orange; VA; USA; 38.247215; -78.04561; 0.84426045; 0.5351082; 2
OMK; Omak; Omak; WA; USA; 48.4644; -119.51805; 0.23166776; 0.9161246; 2
OMN; Ormond Beach Municipal; Ormond Beach; FL; USA; 29.30114; -81.11381; 0.8245963; 0.20913404; 2
ONA; Winona Muni-Max Conrad; Winona; MN; USA; 44.077213; -91.70832; 0.6196035; 0.6972953; 2
ONL; O Neill Municipal; O Neill; NE; USA; 42.46989; -98.68806; 0.5148266; 0.6392404; 2
ONM; Socorro Municipal; Socorro; NM; USA; 34.022472; -106.90314; 0.36977193; 0.3576643; 2
ONO; Ontario Muni; Ontario; OR; USA; 44.020523; -117.01363; 0.24537857; 0.7509525; 2
ONP; Newport Muni; Newport; OR; USA; 44.58036; -124.057915; 0.14737087; 0.81491196; 2
ONT; Ontario International; Ontario; CA; USA; 34.056; -117.6012; 0.18979481; 0.41125607; 1
ONY; Olney Municipal; Olney; TX; USA; 33.35088; -98.81917; 0.50716007; 0.31717497; 2
ONZ; Grosse Ile Municipal; Detroit - Grosse Ile; MI; USA; 42.098606; -83.16106; 0.75179094; 0.64752156; 2
OOA; Oskaloosa Municipal; Oskaloosa; IA; USA; 41.22615; -92.49388; 0.6101233; 0.5960586; 2
OOH; Hoonah SPB; Hoonah; AK; USA; 58.11216; -135.4518; 0.2582546; 0.11325538; 2
OOK; Toksook Bay; Toksook Bay; AK; USA; 60.533375; -165.11397; 0.14868307; 0.13200969; 2
OPF; Opa-Locka; Miami; FL; USA; 25.907; -80.27839; 0.8511102; 0.09648049; 2
OPL; St Landry Parish - Ahart; Opelousas; LA; USA; 30.558405; -92.09937; 0.6254044; 0.22007203; 2
OPN; Thomaston-Upton County; Thomaston; GA; USA; 32.95459; -84.26315; 0.7586682; 0.32313043; 2
OQU; Quonset State; North Kingstown; RI; USA; 41.597153; -71.412155; 0.9308158; 0.6897105; 2
OQW; Maquoketa Municipal; Maquoketa; IA; USA; 42.050076; -90.73881; 0.6363547; 0.6272167; 2
OR33; Boardman; Boardman; OR; USA; 45.814823; -119.8205; 0.21400055; 0.8284112; 2
ORB; Orr Regional; Orr; MN; USA; 48.015923; -92.85605; 0.59983665; 0.83384055; 2
ORC; Orange City Municipal; Orange City; IA; USA; 42.990265; -96.0628; 0.5548181; 0.6566075; 2
ORD; Chicago O'Hare International; Chicago; IL; USA; 41.979595; -87.904465; 0.67980796; 0.62987953; 1
ORE; Orange Municipal; Orange; MA; USA; 42.570118; -72.288605; 0.912703; 0.71724796; 2
ORF; Norfolk International; Norfolk; VA; USA; 36.89461; -76.201225; 0.8793576; 0.4982034; 2
ORG; Orange County; Orange; TX; USA; 30.069166; -93.80092; 0.5952704; 0.201262; 2
ORH; Worcester Regional; Worcester; MA; USA; 42.267338; -71.87571; 0.92037606; 0.70954853; 2
ORI; Port Lions; Port Lions; AK; USA; 57.885376; -152.8461; 0.19256651; 0.093911886; 2
ORL; Executive; Orlando; FL; USA; 28.545473; -81.33295; 0.82308143; 0.18196934; 2
ORS; Orcas Island; Eastsound; WA; USA; 48.70816; -122.913795; 0.18744746; 0.9451346; 2
ORT; Northway; Northway; AK; USA; 62.961334; -141.92914; 0.22770762; 0.16239274; 2
ORV; Robert(Bob) Curtis Memorial; Noorvik; AK; USA; 66.82853; -161.02779; 0.16795444; 0.2055288; 2
OSC; Oscoda - Wurtsmith; Oscoda; MI; USA; 44.45261; -83.38036; 0.74195296; 0.72892654; 2
OSH; Wittman Regional; Oshkosh; WI; USA; 43.984367; -88.55706; 0.6665524; 0.6989169; 2
OSU; Ohio State University; Columbus; OH; USA; 40.079777; -83.07303; 0.75886256; 0.57717526; 2
OSX; Kosciusko-Attala County; Kosciusko; MS; USA; 33.09026; -89.542015; 0.66741526; 0.31316453; 2
OTG; Worthington Municipal; Worthington; MN; USA; 43.655067; -95.57921; 0.5620675; 0.68003976; 2
OTH; North Bend Muni; North Bend; OR; USA; 43.417137; -124.246025; 0.1376082; 0.77716786; 2
OTM; Ottumwa Industrial; Ottumwa; IA; USA; 41.106598; -92.44794; 0.6109288; 0.5918832; 2
OTZ; Ralph Wien Memorial; Kotzebue; AK; USA; 66.884674; -162.59856; 0.16352329; 0.20710206; 2
OUN; University of Oklahoma Westheimer; Norman; OK; USA; 35.245564; -97.47213; 0.5309974; 0.3831889; 2
OVE; Oroville Municipal; Oroville; CA; USA; 39.48775; -121.622; 0.15354301; 0.6248745; 2
OVO; North Vernon; North Vernon; IN; USA; 39.045635; -85.60533; 0.72162396; 0.5325867; 2
OVS; Boscobel; Boscobel; WI; USA; 43.16063; -90.67422; 0.6360422; 0.66640115; 2
OWA; Owatonna Degner Regional; Owatonna; MN; USA; 44.123398; -93.26062; 0.59649444; 0.69747853; 2
OWB; Owensboro-Daviess County; Owensboro; KY; USA; 37.740112; -87.16683; 0.6993297; 0.48234707; 2
OWD; Norwood Memorial; Norwood; MA; USA; 42.190796; -71.1731; 0.9311697; 0.7115485; 2
OWI; Ottawa Municipal; Ottawa; KS; USA; 38.538666; -95.252975; 0.56779426; 0.4994263; 2
OWK; Central Maine; Norridgewock; ME; USA; 44.7155; -69.86647; 0.93612593; 0.8060043; 2
OWX; Putnam County; Ottawa; OH; USA; 41.035583; -83.982025; 0.7421334; 0.6075263; 2
OXB; Ocean City; Ocean City; MD; USA; 38.310444; -75.12397; 0.8902132; 0.5534409; 2
OXC; Waterbury-Oxford; Oxford; CT; USA; 41.478554; -73.13525; 0.90565336; 0.6745745; 2
OXD; Miami University; Oxford; OH; USA; 39.50204; -84.78414; 0.7335407; 0.5511289; 2
OXI; Starke County; Knox; IN; USA; 41.33019; -86.664734; 0.7000798; 0.6099999; 2
OXR; Oxnard; Oxnard; CA; USA; 34.2008; -119.207214; 0.16384202; 0.4270224; 2
OXV; Knoxville Municipal; Knoxville; IA; USA; 41.298885; -93.113815; 0.60046935; 0.5980815; 2
OYM; St Marys Muni; St Marys; PA; USA; 41.41248; -78.50263; 0.8248485; 0.6428218; 2
OZA; Ozona Municipal; Ozona; TX; USA; 30.735281; -101.20297; 0.46310186; 0.22815168; 2
OZW; Livingston County; Howell; MI; USA; 42.629505; -83.98418; 0.73789257; 0.6633258; 2
P01; Ajo Municipal; Ajo; AZ; USA; 32.450058; -112.86738; 0.2631002; 0.3280971; 2
P04; Bisbee Municipal; Bisbee; AZ; USA; 31.36399; -109.883125; 0.31117043; 0.27614152; 2
P08; Coolidge Municipal; Coolidge; AZ; USA; 32.935944; -111.42653; 0.2895117; 0.3378333; 2
P13; San Carlos Apache; Globe; AZ; USA; 33.353146; -110.66736; 0.30384925; 0.34887356; 2
P14; Holbrook Municipal; Holbrook; AZ; USA; 34.938915; -110.139565; 0.3177689; 0.40192783; 2
P20; Avi Suquilla; Parker; AZ; USA; 34.15064; -114.271225; 0.24582918; 0.39456183; 2
P32; H.A. Clark Memorial; Williams; AZ; USA; 35.30223; -112.19406; 0.28479275; 0.42387927; 2
P33; Cochise County; Willcox; AZ; USA; 32.245403; -109.89463; 0.31364977; 0.30688137; 2
P45; Mount Pleasant-Scottdale; Mount Pleasant; PA; USA; 40.108406; -79.54143; 0.81374854; 0.592618; 2
P52; Cottonwood; Cottonwood; AZ; USA; 34.730022; -112.03516; 0.28541213; 0.4031859; 2
P53; Rostraver; Monongahela; PA; USA; 40.20972; -79.83144; 0.80888724; 0.5948328; 2
PAE; Snohomish County; Everett; WA; USA; 47.907627; -122.281586; 0.19137561; 0.914325; 2
PAH; Barkley Regional; Paducah; KY; USA; 37.060833; -88.77375; 0.6743519; 0.45466322; 2
PAK; Port Allen; Hanapepe; HI; USA; 21.896868; -159.60332; 0.31020686; 0.14891899; 2
PAN; Payson; Payson; AZ; USA; 34.256836; -111.33926; 0.29544762; 0.38342458; 2
PAO; Palo Alto Arpt of Santa Clara Co; Palo Alto; CA; USA; 37.46112; -122.11504; 0.13445705; 0.559416; 2
PAQ; Palmer Municipal; Palmer; AK; USA; 61.59474; -149.08882; 0.2050363; 0.14055347; 2
PBF; Grider; Pine Bluff; AR; USA; 34.174988; -91.93472; 0.6251112; 0.34754503; 2
PBH; Price County; Phillips; WI; USA; 45.70895; -90.40248; 0.63700783; 0.75615937; 2
PBI; Palm Beach International; West Palm Beach; FL; USA; 26.683163; -80.0956; 0.85184735; 0.12403816; 2
PBV; St. George; St. George; AK; USA; 56.577354; -169.66374; 0.1260497; 0.090164304; 2
PCK; Porcupine Creek; Porcupine Creek; AK; USA; 67.2379; -150.28606; 0.19862159; 0.20922011; 2
PCM; Plant City Municipal; Plant City; FL; USA; 28.000217; -82.16424; 0.8096802; 0.15929115; 2
PCW; Carl R. Keller; Port Clinton; OH; USA; 41.516277; -82.8687; 0.75790584; 0.6281916; 2
PCZ; Waupaca Municipal; Waupaca; WI; USA; 44.333687; -89.015495; 0.6592066; 0.71029043; 2
PDC; Prairie Du Chien Municipal; Prairie Du Chien; WI; USA; 43.019287; -91.12375; 0.62942415; 0.66081554; 2
PDK; Dekalb-Peachtree; Atlanta; GA; USA; 33.875603; -84.30197; 0.75563437; 0.35523647; 2
PDT; Eastern Oregon Regional At Pendleton; Pendleton; OR; USA; 45.695057; -118.841446; 0.22717811; 0.8185229; 2
PDX; Portland Intl; Portland; OR; USA; 45.588722; -122.5975; 0.17384921; 0.83859366; 1
PEA; Pella Municipal; Pella; IA; USA; 41.400066; -92.945885; 0.60300136; 0.60179; 2
PEC; Pelican SPB; Pelican; AK; USA; 57.955173; -136.23627; 0.2556637; 0.11002517; 2
PEO; Penn Yan; Penn Yan; NY; USA; 42.638134; -77.05306; 0.84177554; 0.69241434; 2
PEQ; Pecos Municipal; Pecos City; TX; USA; 31.382357; -103.510704; 0.42313838; 0.25545734; 2
PEZ; Pleasanton Municipal; Pleasanton; TX; USA; 28.954195; -98.51999; 0.50988686; 0.16245079; 2
PFN; Panama City-Bay County International; Panama City; FL; USA; 30.212084; -85.68281; 0.7404294; 0.2224186; 2
PGA; Page Municipal; Page; AZ; USA; 36.92611; -111.448364; 0.3026702; 0.4770456; 2
PGD; Charlotte County; Punta Gorda; FL; USA; 26.920195; -81.990524; 0.8161256; 0.12283403; 2
PGM; Port Graham; Port Graham; AK; USA; 59.34826; -151.83154; 0.19612871; 0.112066686; 2
PGR; Kirk; Paragould; AR; USA; 36.06353; -90.50986; 0.6471067; 0.41623247; 2
PGV; Pitt-Greenville; Greenville; NC; USA; 35.63524; -77.38532; 0.8654025; 0.4479199; 2
PHD; Harry Clever; New Philadelphia; OH; USA; 40.470917; -81.41975; 0.7833915; 0.5971738; 2
PHF; Newport News/Williamsburg International; Newport News; VA; USA; 37.131897; -76.49299; 0.87364185; 0.5047593; 2
PHG; Phillipsburg Municipal; Phillipsburg; KS; USA; 39.735306; -99.31741; 0.50324506; 0.54322076; 2
PHH; Andrews Municipal; Andrews; SC; USA; 33.451694; -79.5262; 0.8380623; 0.3608622; 2
PHK; Palm Beach County Glades; Pahokee; FL; USA; 26.785038; -80.69335; 0.8404804; 0.12445617; 2
PHL; Philadelphia Intl; Philadelphia; PA; USA; 39.871952; -75.24114; 0.8812664; 0.60667104; 1
PHN; St Clair County International; Port Huron; MI; USA; 42.910957; -82.52886; 0.7589798; 0.6781306; 2
PHO; Point Hope; Point Hope; AK; USA; 68.34878; -166.7993; 0.15365866; 0.22786397; 2
PHP; Philip; Philip; SD; USA; 44.048626; -101.59906; 0.47246975; 0.69799757; 2
PHT; Henry County; Paris; TN; USA; 36.338226; -88.38288; 0.68196666; 0.43002844; 2
PHX; Phoenix Sky Harbor International; Phoenix; AZ; USA; 33.434166; -112.00806; 0.28131536; 0.3579532; 1
PIA; Greater Peoria Regional; Peoria; IL; USA; 40.66424; -89.693306; 0.65427226; 0.58002734; 2
PIB; Hattiesburg-Laurel Regional; Hattiesburg-Laurel; MS; USA; 31.46715; -89.33706; 0.6733284; 0.2565503; 2
PIE; St. Petersburg-Clearwater International; St. Petersburg; FL; USA; 27.910763; -82.68744; 0.8004013; 0.15388697; 2
PIH; Pocatello Regional; Pocatello; ID; USA; 42.911304; -112.59586; 0.30585414; 0.69070065; 2
PIL; Port Isabel-Cameron County; Port Isabel; TX; USA; 26.16621; -97.34589; 0.53044474; 0.064510584; 2
PIM; Callaway Gardens-Harris County; Pine Mountain; GA; USA; 32.840694; -84.88245; 0.74829036; 0.31697243; 2
PIR; Pierre Regional; Pierre; SD; USA; 44.382675; -100.285965; 0.4923035; 0.70801437; 2
PIT; Pittsburgh International; Pittsburgh; PA; USA; 40.491467; -80.23287; 0.80168587; 0.60287535; 2
PIZ; Point Lay Dew Station; Point Lay; AK; USA; 69.73287; -163.00534; 0.16514139; 0.24164551; 2
PJY; Pinckneyville-Duquoin; Pinckneyville-Duquoin; IL; USA; 37.977882; -89.36045; 0.66339695; 0.48584569; 2
PKA; Napaskiak; Napaskiak; AK; USA; 60.70369; -161.77673; 0.16060357; 0.13124949; 2
PKB; Wood Cty/Gill Robb Wilson; Parkersburg; WV; USA; 39.345104; -81.4392; 0.7866937; 0.5577534; 2
PKD; Park Rapids Municipal; Park Rapids; MN; USA; 46.900627; -95.073135; 0.56898624; 0.7938878; 2
PKF; Park Falls Municipal; Park Falls; WI; USA; 45.955025; -90.424416; 0.63639027; 0.7647267; 2
PLB; Clinton Cty; Plattsburgh; NY; USA; 44.68752; -73.52452; 0.8841013; 0.7820599; 2
PLD; Portland Municipal; Portland; IN; USA; 40.45076; -84.99008; 0.72799134; 0.5838057; 2
PLN; Pellston Regional  of Emmet County; Pellston; MI; USA; 45.570927; -84.796715; 0.7184228; 0.76347077; 2
PLR; St Clair County; Pell City; AL; USA; 33.558834; -86.249054; 0.72317505; 0.3377856; 2
PMB; Pembina Municipal; Pembina; ND; USA; 48.9425; -97.24084; 0.5386207; 0.86493397; 2
PMD; Palmdale Production Flight; Palmdale; CA; USA; 34.62939; -118.08456; 0.18451795; 0.43413335; 2
PMH; Greater Portsmouth Regional; Portsmouth; OH; USA; 38.84047; -82.84731; 0.765973; 0.53458244; 2
PMP; Pompano Beach Airpark; Pompano Beach; FL; USA; 26.247139; -80.11105; 0.8530585; 0.10900915; 2
PMV; Plattsmouth Municipal; Plattsmouth; NE; USA; 40.95025; -95.91789; 0.5570457; 0.58462286; 2
PMX; Metropolitan; Palmer; MA; USA; 42.223286; -72.311386; 0.914157; 0.70525; 2
PMZ; Plymouth Municipal; Plymouth; NC; USA; 35.80844; -76.75928; 0.87494534; 0.4574138; 2
PNA; Ralph Wenz; Pinedale; WY; USA; 42.795498; -109.80709; 0.347173; 0.67533046; 2
PNC; Ponca City Municipal; Ponca City; OK; USA; 36.730583; -97.09977; 0.5376228; 0.4355541; 2
PNE; Northeast Philadelphia; Philadelphia; PA; USA; 40.081944; -75.01059; 0.8838581; 0.61525404; 2
PNM; Princeton Municipal; Princeton; MN; USA; 45.559868; -93.608215; 0.59057534; 0.74764216; 2
PNN; Princeton Municipal; Princeton; ME; USA; 45.20067; -67.56439; 0.9656917; 0.8384672; 2
PNP; Pilot Point; Pilot Point; AK; USA; 57.58038; -157.56744; 0.17424901; 0.09072411; 2
PNS; Pensacola Regional; Pensacola; FL; USA; 30.473305; -87.18745; 0.7130789; 0.22697806; 2
POC; Brackett; La Verne; CA; USA; 34.09165; -117.781784; 0.18695842; 0.41365874; 2
POF; Poplar Bluff Municipal; Poplar Bluff; MO; USA; 36.773945; -90.324844; 0.64929163; 0.4416194; 2
POH; Pocahontas Municipal; Pocahontas; IA; USA; 42.742805; -94.64731; 0.57629067; 0.64813244; 2
POU; Dutchess Cty; Poughkeepsie; NY; USA; 41.62661; -73.88411; 0.89369005; 0.6750884; 2
POY; Powell Muni; Powell; WY; USA; 44.867973; -108.793; 0.3682005; 0.7439557; 2
PPA; Perry Lefors; Pampa; TX; USA; 35.612988; -100.99626; 0.47214034; 0.39955986; 2
PPC; Prospect Creek; Prospect Creek; AK; USA; 66.81288; -150.6438; 0.19776617; 0.20394874; 2
PPF; Tri City; Parsons; KS; USA; 37.331257; -95.50901; 0.56380314; 0.45666224; 2
PPO; La Porte Municipal; La Porte; IN; USA; 41.57276; -86.73413; 0.69851583; 0.61834794; 2
PPQ; Pittsfield Penstone Municipal; Pittsfield; IL; USA; 39.638855; -90.778435; 0.6385233; 0.5420976; 2
PQI; Northern Maine Regional; Presque Isle; ME; USA; 46.68896; -68.0448; 0.95001286; 0.88484406; 2
PQL; Trent Lott International; Pascagoula; MS; USA; 30.462782; -88.52923; 0.689198; 0.2231502; 2
PQN; Pipestone Municipal; Pipestone; MN; USA; 43.983303; -96.30031; 0.5512928; 0.69157505; 2
PRB; Paso Robles Municipal; Paso Robles; CA; USA; 35.672886; -120.62705; 0.14829254; 0.4874667; 2
PRC; Ernest A. Love; Prescott; AZ; USA; 34.654472; -112.419586; 0.27872235; 0.40242195; 2
PRG; Edgar County; Paris; IL; USA; 39.70016; -87.66962; 0.6875791; 0.5501766; 2
PRN; Greenville Municipal; Greenville; AL; USA; 31.845402; -86.61044; 0.7205242; 0.2766406; 2
PRO; Perry Municipal; Perry; IA; USA; 41.828014; -94.159904; 0.58405536; 0.6160807; 2
PRX; Cox; Paris; TX; USA; 33.63661; -95.45073; 0.56520456; 0.3260864; 2
PSB; Mid-State; Philipsburg; PA; USA; 40.88439; -78.08734; 0.8332331; 0.62650365; 2
PSC; Tri-Cities; Pasco; WA; USA; 46.26468; -119.119026; 0.22611104; 0.8394943; 2
PSF; Pittsfield Municipal; Pittsfield; MA; USA; 42.426846; -73.29293; 0.8985891; 0.7061131; 2
PSG; James C. Johnson Petersburg; Petersburg; AK; USA; 56.80165; -132.94528; 0.27041245; 0.10270065; 2
PSK; New River Valley; Dublin; VA; USA; 37.137344; -80.67848; 0.80609316; 0.48385447; 2
PSM; Pease International Tradeport; Portsmouth; NH; USA; 43.077957; -70.82327; 0.9314786; 0.74407893; 2
PSN; Palestine Municipal; Palestine; TX; USA; 31.779694; -95.70631; 0.5609335; 0.26061082; 2
PSP; Palm Springs International; Palm Springs; CA; USA; 33.829216; -116.506256; 0.20703226; 0.39650577; 1
PSX; Palacios Municipal; Palacios; TX; USA; 28.727518; -96.25097; 0.55118525; 0.15350544; 2
PTB; Dinwiddie County; Petersburg; VA; USA; 37.183758; -77.507385; 0.8571163; 0.50098693; 2
PTD; Potsdam Muni-Damon; Potsdam; NY; USA; 44.67667; -74.94845; 0.86370265; 0.773654; 2
PTH; Port Heiden; Port Heiden; AK; USA; 56.959435; -158.63182; 0.16980162; 0.083539665; 2
PTK; Oakland-Pontiac; Pontiac; MI; USA; 42.665203; -83.41871; 0.7463159; 0.66644263; 2
PTN; Harry P. Williams Memorial; Patterson; LA; USA; 29.71082; -91.339714; 0.63982105; 0.19140005; 2
PTS; Atkinson Municipal; Pittsburg; KS; USA; 37.448555; -94.73133; 0.5764974; 0.46101052; 2
PTT; Pratt Industrial; Pratt; KS; USA; 37.700016; -98.7462; 0.511052; 0.47076333; 2
PTU; Platinum; Platinum; AK; USA; 59.011356; -161.81967; 0.15900078; 0.1105929; 2
PTV; Porterville Municipal; Porterville; CA; USA; 36.02961; -119.06273; 0.17544557; 0.48875606; 2
PTW; Pottstown Limerick; Pottstown; PA; USA; 40.23957; -75.556625; 0.87475103; 0.6175615; 2
PUB; Pueblo Memorial; Pueblo; CO; USA; 38.289085; -104.496574; 0.41868952; 0.5008523; 2
PUC; Carbon County; Price; UT; USA; 39.613914; -110.75142; 0.32271403; 0.5679324; 2
PUW; Pullman/Moscow Regional; Pullman/Moscow,ID; WA; USA; 46.743862; -117.10958; 0.25645545; 0.84457415; 2
PVB; Platteville Municipal; Platteville; WI; USA; 42.689354; -90.44439; 0.64007795; 0.65015733; 2
PVC; Provincetown Municipal; Provincetown; MA; USA; 42.072; -70.221375; 0.9458788; 0.713966; 2
PVD; Theodore F Green State; Providence; RI; USA; 41.724; -71.42822; 0.9298971; 0.6939329; 2
PVF; Placerville; Placerville; CA; USA; 38.724216; -120.75333; 0.16273877; 0.5926815; 2
PVG; Hampton Roads Executive; Portsmouth; VA; USA; 36.780148; -76.44884; 0.87585884; 0.4928273; 2
PVJ; Pauls Valley Municipal; Pauls Valley; OK; USA; 34.711052; -97.22321; 0.5350411; 0.36420268; 2
PVU; Provo Muni; Provo; UT; USA; 40.219196; -111.72336; 0.30958527; 0.5931916; 2
PVW; Hale County; Plainview; TX; USA; 34.168148; -101.71734; 0.4582641; 0.34974837; 2
PWA; Wiley Post; Oklahoma City; OK; USA; 35.53455; -97.64722; 0.52815664; 0.39348388; 2
PWC; Pine River Regional; Pine River; MN; USA; 46.72479; -94.3817; 0.5789086; 0.7879749; 2
PWD; Sher-Wood; Plentywood; MT; USA; 48.790306; -104.533844; 0.43771508; 0.8684163; 2
PWG; McGregor Exectuive; Waco; TX; USA; 31.484917; -97.31653; 0.5325254; 0.25049716; 2
PWK; Palwaukee; Chicago/Wheeling/Prospect Heights; IL; USA; 42.11418; -87.90148; 0.67961377; 0.63461775; 2
PWM; Portland International Jetport; Portland; ME; USA; 43.646168; -70.30875; 0.9358018; 0.766822; 2
PWT; Bremerton National; Bremerton; WA; USA; 47.492752; -122.76243; 0.18250534; 0.90359634; 2
PXE; Perry-Houston Couty; Perry; GA; USA; 32.510582; -83.767334; 0.7683847; 0.30943257; 2
PYG; Pageland; Pageland; SC; USA; 34.742138; -80.34519; 0.8197271; 0.4018057; 2
PYM; Plymouth Municipal; Plymouth; MA; USA; 41.909023; -70.72879; 0.93928015; 0.70493996; 2
PYX; Perryton Ochiltree County; Perryton; TX; USA; 36.412003; -100.751785; 0.47706643; 0.42742556; 2
PZQ; Presque Isle County; Rogers City; MI; USA; 45.407097; -83.81289; 0.7330668; 0.76073986; 2
Q00; Littlefield Municipal; Littlefield; TX; USA; 33.923954; -102.38668; 0.44652197; 0.34237194; 2
Q06; City of Tulia/Swisher County Municipal; Tulia; TX; USA; 34.566826; -101.78146; 0.4576796; 0.36391366; 2
Q14; San Juan Pueblo; Espanola; NM; USA; 36.025024; -106.04641; 0.38875872; 0.4253161; 2
Q16; Reserve; Reserve; NM; USA; 33.700054; -108.850624; 0.33582726; 0.35338324; 2
Q17; Boonville; Boonville; CA; USA; 39.012676; -123.38279; 0.123812556; 0.6217451; 2
Q21; Brownsville; Brownsville; CA; USA; 39.455444; -121.29135; 0.1584315; 0.621428; 2
Q24; Levelland Municipal; Levelland; TX; USA; 33.54981; -102.372734; 0.44623545; 0.3291704; 2
Q25; Dinsmore; Dinsmore; CA; USA; 40.49292; -123.59976; 0.12937689; 0.67356706; 2
Q26; Terry County; Brownfield; TX; USA; 33.173676; -102.19262; 0.4488142; 0.31558526; 2
Q31; Sequoia; Visalia; CA; USA; 36.448563; -119.31901; 0.17343898; 0.50486743; 2
Q34; Portales Municipal; Portales; NM; USA; 34.145473; -103.41033; 0.4294066; 0.35231084; 2
Q35; Springerville Babbitt; Springerville; AZ; USA; 34.12866; -109.31148; 0.32924327; 0.37019426; 2
Q37; Carrizozo Municipal; Carrizozo; NM; USA; 33.64886; -105.89568; 0.38607967; 0.3413781; 2
Q41; Floydada Municipal; Floydada; TX; USA; 34.0023; -101.33044; 0.46466047; 0.34325576; 2
Q42; Springer Municipal; Springer; NM; USA; 36.326977; -104.61971; 0.412979; 0.43202382; 2
Q44; Beaver Municipal; Beaver; OK; USA; 36.798916; -100.52987; 0.48112586; 0.4407934; 2
Q49; Firebaugh; Firebaugh; CA; USA; 36.85999; -120.46447; 0.15726274; 0.5268959; 2
Q53; Franklin; Franklin; CA; USA; 38.304913; -121.42967; 0.14992726; 0.58315223; 2
Q55; Dimmitt Municipal; Dimmitt; TX; USA; 34.566734; -102.32269; 0.44850993; 0.36489618; 2
Q58; Santa Rosa Municipal; Santa Rosa; NM; USA; 34.934425; -104.64307; 0.40994114; 0.38305533; 2
Q61; Georgetown; Georgetown; CA; USA; 38.921112; -120.86479; 0.16207805; 0.600189; 2
Q68; Pine Mountain Lake; Groveland; CA; USA; 37.861668; -120.17789; 0.16711941; 0.55918014; 2
Q72; Hayfork; Hayfork; CA; USA; 40.54709; -123.181694; 0.1359775; 0.6722654; 2
Q84; Mendota; Mendota; CA; USA; 36.758007; -120.37128; 0.15820447; 0.5227487; 2
Q88; Paradise Skypark; Paradise; CA; USA; 39.709606; -121.61636; 0.15486869; 0.6323973; 2
Q94; Rio Linda; Rio Linda; CA; USA; 38.676014; -121.44551; 0.15174092; 0.5959281; 2
Q95; Ruth; Ruth; CA; USA; 40.211258; -123.29752; 0.13224325; 0.66174483; 2
Q99; South County  of Santa Clara Co; San Martin; CA; USA; 37.081585; -121.59681; 0.14049315; 0.5426372; 2
RAC; John H Batten; Racine; WI; USA; 42.761192; -87.813896; 0.67978555; 0.65754336; 2
RAL; Riverside Municipal; Riverside; CA; USA; 33.951874; -117.4451; 0.19190633; 0.40666372; 2
RAP; Rapid City Regional; Rapid City; SD; USA; 44.045322; -103.05737; 0.45080498; 0.70031637; 2
RBD; Redbird; Dallas; TX; USA; 32.680862; -96.868195; 0.54066825; 0.2924515; 2
RBE; Bassett Municipal; Bassett; NE; USA; 42.569668; -99.56836; 0.5015029; 0.6435; 2
RBG; Roseburg Regional; Roseburg; OR; USA; 43.238785; -123.355865; 0.14935672; 0.7646447; 2
RBL; Red Bluff Municipal; Red Bluff; CA; USA; 40.150658; -122.25229; 0.14769045; 0.6519781; 2
RBW; Walterboro Municipal; Walterboro; SC; USA; 32.92053; -80.64125; 0.82091546; 0.33697742; 2
RBY; Ruby; Ruby; AK; USA; 64.72722; -155.4699; 0.18355502; 0.17808789; 2
RCR; Fulton County; Rochester; IN; USA; 41.065548; -86.1817; 0.7080927; 0.60197055; 2
RCX; Rusk County; Ladysmith; WI; USA; 45.498257; -91.00186; 0.62854725; 0.7479721; 2
RDD; Redding Municipal; Redding; CA; USA; 40.508984; -122.2934; 0.14912003; 0.66446096; 2
RDG; Reading Muni,Gen Carl A Spaatz; Reading; PA; USA; 40.3785; -75.96525; 0.86786133; 0.62007475; 2
RDK; Red Oak Municipal; Red Oak; IA; USA; 41.01053; -95.259865; 0.5672796; 0.58682716; 2
RDM; Roberts; Redmond; OR; USA; 44.254066; -121.14996; 0.18686697; 0.7838459; 2
RDU; Raleigh-Durham International; Raleigh; NC; USA; 35.87764; -78.787476; 0.84142965; 0.44893622; 2
RDV; Red Devil; Red Devil; AK; USA; 61.787643; -157.34793; 0.17664927; 0.14235973; 2
RED; Red Lodge; Red Lodge; MT; USA; 45.187447; -109.26738; 0.36221477; 0.75666136; 2
RFD; Greater Rockford; Rockford; IL; USA; 42.195362; -89.09721; 0.66123986; 0.63504124; 2
RFG; Refugio-Rooke; Refugio; TX; USA; 28.293617; -97.32305; 0.5314864; 0.13861233; 2
RGK; Red Wing Municipal; Red Wing; MN; USA; 44.589355; -92.48497; 0.60766244; 0.7144797; 2
RHI; Rhinelander-Oneida County; Rhinelander; WI; USA; 45.63119; -89.46745; 0.65066963; 0.7549024; 2
RHV; Reid-Hillview of Santa Clara Co; San Jose; CA; USA; 37.332874; -121.81979; 0.13837959; 0.55285084; 2
RIC; Richmond International; Richmond; VA; USA; 37.505165; -77.319664; 0.85881877; 0.5131477; 2
RID; Richmond Municipal; Richmond; IN; USA; 39.757214; -84.84282; 0.7319879; 0.5599067; 2
RIF; Richfield Muni; Richfield; UT; USA; 38.736435; -112.098946; 0.29851633; 0.5431601; 2
RIL; Garfield County Regional; Rifle; CO; USA; 39.526314; -107.726944; 0.36999637; 0.55362904; 2
RIU; Rancho Murieta; Rancho Murieta; CA; USA; 38.488796; -121.10245; 0.15603428; 0.5870919; 2
RIV; March; Riverside; CA; USA; 33.880573; -117.25948; 0.19467162; 0.4030167; 2
RIW; Riverton Regional; Riverton; WY; USA; 43.064236; -108.45984; 0.36813822; 0.67997575; 2
RKD; Knox County Regional; Rockland; ME; USA; 44.06008; -69.09925; 0.950812; 0.7891424; 2
RKP; Aransas County; Rockport; TX; USA; 28.086779; -97.04461; 0.53654903; 0.13128078; 2
RKR; Robert S Kerr; Poteau; OK; USA; 35.021626; -94.621254; 0.5790345; 0.3752358; 2
RKS; Rock Springs-Sweetwater County; Rock Springs; WY; USA; 41.59422; -109.06519; 0.35486403; 0.63068104; 2
RKW; Rockwood Municipal; Rockwood; TN; USA; 35.922295; -84.68966; 0.7439495; 0.42568767; 2
RLD; Richland; Richland; WA; USA; 46.305634; -119.304184; 0.22372992; 0.84196997; 2
RME; Griffis Airpark; Rome; NY; USA; 43.2338; -75.407036; 0.8635719; 0.72162044; 2
RMG; Richard B Russell; Rome; GA; USA; 34.3506; -85.15801; 0.73994195; 0.3689739; 2
RMP; Rampart; Rampart; AK; USA; 65.507866; -150.1428; 0.19975461; 0.18814361; 2
RMY; Brooks; Marshall; MI; USA; 42.251183; -84.95545; 0.7241577; 0.6470628; 2
RNC; Warren County Memorial; McMinnville; TN; USA; 35.698708; -85.84382; 0.72532403; 0.41417062; 2
RNH; New Richmond Municipal; New Richmond; WI; USA; 45.14831; -92.53806; 0.60645515; 0.73403466; 2
RNM; Ramona; Ramona; CA; USA; 33.038906; -116.91364; 0.19660524; 0.3718415; 2
RNO; Reno/Tahoe International; Reno; NV; USA; 39.498577; -119.76807; 0.18206929; 0.6124867; 1
RNT; Renton Municipal; Renton; WA; USA; 47.493137; -122.21575; 0.1899357; 0.90002596; 2
RNV; Cleveland Municipal; Cleveland; MS; USA; 33.76114; -90.75787; 0.64564496; 0.33461475; 2
ROA; Roanoke Regional/ Woodrum; Roanoke; VA; USA; 37.32547; -79.975426; 0.81681067; 0.4936083; 2
ROC; Greater Rochester Int'l; Rochester; NY; USA; 43.118866; -77.672386; 0.83061904; 0.70595026; 2
ROG; Rogers Municipal-Carter; Rogers; AR; USA; 36.372295; -94.10687; 0.5871498; 0.42323083; 2
ROS; Rush City Regional; Rush City; MN; USA; 45.698013; -92.95299; 0.60001594; 0.75293815; 2
ROW; Roswell Industrial Air Center; Roswell; NM; USA; 33.301556; -104.530556; 0.408769; 0.32534808; 2
ROX; Roseau Municipal; Roseau; MN; USA; 48.856037; -95.69704; 0.55995977; 0.8617634; 2
RPB; Belleville Municipal; Belleville; KS; USA; 39.81791; -97.65962; 0.529518; 0.54498285; 2
RPD; Rice Lake Regional-Carl's; Rice Lake; WI; USA; 45.41809; -91.77365; 0.6173911; 0.7442463; 2
RPX; Roundup; Roundup; MT; USA; 46.473576; -108.55763; 0.3760251; 0.7989164; 2
RQB; Roben-Hood; Big Rapids; MI; USA; 43.722633; -85.504074; 0.7124389; 0.69699204; 2
RQE; Window Rock; Window Rock; AZ; USA; 35.652054; -109.06739; 0.3377466; 0.42254055; 2
RRL; Merrill Municipal; Merrill; WI; USA; 45.199272; -89.71143; 0.64772415; 0.7393956; 2
RRT; Warroad Intl Swede Carlson; Warroad; MN; USA; 48.941387; -95.34839; 0.56477225; 0.86475885; 2
RSH; Russian Mission; Russian Mission; AK; USA; 61.779675; -161.31947; 0.16307865; 0.1441027; 2
RSL; Russell Municipal; Russell; KS; USA; 38.872124; -98.811775; 0.51071227; 0.51226735; 2
RSN; Ruston Regional; Ruston; LA; USA; 32.514446; -92.58833; 0.61521435; 0.28826982; 2
RST; Rochester International; Rochester; MN; USA; 43.908825; -92.497986; 0.60799295; 0.690566; 2
RSV; Robinson Municipal; Robinson; IL; USA; 39.01604; -87.64977; 0.68915176; 0.526119; 2
RSW; Southwest Florida International; Ft. Myers; FL; USA; 26.536167; -81.755165; 0.82165056; 0.11071831; 2
RTN; Raton Municipal/Crews; Raton; NM; USA; 36.741528; -104.50218; 0.41569772; 0.4463327; 2
RUE; Russellville Municipal; Russellville; AR; USA; 35.259148; -93.09327; 0.6046619; 0.38460606; 2
RUG; Rugby Municipal; Rugby; ND; USA; 48.390358; -100.02428; 0.49969158; 0.8476136; 2
RUQ; Rowan County; Salisbury; NC; USA; 35.645885; -80.520294; 0.8137288; 0.43250835; 2
RUT; Rutland State; Rutland; VT; USA; 43.529907; -72.949615; 0.8981344; 0.7459436; 2
RVJ; Reidsville; Reidsville; GA; USA; 32.05897; -82.151726; 0.7976485; 0.3001871; 2
RVL; Mifflin Cty; Reedsville; PA; USA; 40.677376; -77.62683; 0.8411122; 0.6216198; 2
RVN; Hawkins County; Rogersville; TN; USA; 36.45758; -82.88504; 0.77225274; 0.45093966; 2
RVS; Richard Lloyd Jones, Jr.; Tulsa; OK; USA; 36.039627; -95.984634; 0.5560233; 0.4109388; 2
RWF; Redwood Falls Muni; Redwood Falls; MN; USA; 44.547203; -95.08225; 0.5693281; 0.7114917; 2
RWI; Rocky Mount Wilson; Rocky Mount; NC; USA; 35.85499; -77.89296; 0.8561896; 0.45279855; 2
RWL; Rawlins Muni; Rawlins; WY; USA; 41.8056; -107.19994; 0.38392237; 0.6319164; 2
RWN; Arens; Winamac; IN; USA; 41.092262; -86.61287; 0.7013705; 0.6017703; 2
RXE; Rexburg-Madison County; Rexburg; ID; USA; 43.83391; -111.80511; 0.32083884; 0.71931404; 2
RYN; Ryan; Tucson; AZ; USA; 32.14308; -111.17286; 0.29121798; 0.3090636; 2
RYV; Watertown Municipal; Watertown; WI; USA; 43.169632; -88.72321; 0.66538525; 0.6700033; 2
RYY; Cobb County-McCollum; Marietta; GA; USA; 34.013157; -84.59854; 0.7502471; 0.35901904; 2
RZL; Jasper County; Rensselaer; IN; USA; 40.9479; -87.18258; 0.6928403; 0.59526527; 2
RZN; Burnett County; Siren; WI; USA; 45.822727; -92.3725; 0.6083432; 0.7578004; 2
RZT; Ross County; Chillicothe; OH; USA; 39.44137; -83.022514; 0.76147413; 0.5549916; 2
RZZ; Halifax County; Roanoke Rapids; NC; USA; 36.439457; -77.70934; 0.8568535; 0.47406983; 2
S01; Conrad; Conrad; MT; USA; 48.16864; -111.97647; 0.33336186; 0.86950266; 2
S03; Ashland Muni-Sumner Parker; Ashland; OR; USA; 42.190285; -122.66063; 0.15333988; 0.7241808; 2
S05; Bandon State; Bandon; OR; USA; 43.08733; -124.40956; 0.13323066; 0.7672843; 2
S07; Bend Muni; Bend; OR; USA; 44.094833; -121.20064; 0.18527104; 0.778776; 2
S10; Chelan Muni; Chelan; WA; USA; 47.86597; -119.9427; 0.22286627; 0.89846283; 2
S12; Albany Municipal; Albany; OR; USA; 44.637817; -123.05945; 0.16183785; 0.8097409; 2
S18; Forks; Forks; WA; USA; 47.941467; -124.39299; 0.16314885; 0.9296284; 2
S21; Sunriver; Sunriver; OR; USA; 43.876335; -121.45306; 0.1804426; 0.7730329; 2
S23; Ione Municipal; Ione; WA; USA; 48.707275; -117.412605; 0.26128092; 0.9127594; 2
S24; Sandusky Co; Fremont; OH; USA; 41.295704; -83.03723; 0.7559559; 0.61987436; 2
S25; Watford City Municipal; Watford City; ND; USA; 47.7957; -103.2537; 0.45382518; 0.8315177; 2
S27; Kalispell City; Kalispell; MT; USA; 48.17857; -114.30374; 0.3013791; 0.87968314; 2
S28; International Peace Garden; Dunseith; ND; USA; 48.997784; -100.04346; 0.49995542; 0.86866015; 2
S30; Lebanon State; Lebanon; OR; USA; 44.529846; -122.929535; 0.16304931; 0.8051946; 2
S31; Lopez Island; Lopez; WA; USA; 48.4826; -122.936844; 0.18584354; 0.9377784; 2
S32; Cooperstown Municipal; Cooperstown; ND; USA; 47.422775; -98.10587; 0.525975; 0.8125354; 2
S33; City-County; Madras; OR; USA; 44.666233; -121.1631; 0.1889263; 0.79790646; 2
S34; Plains; Plains; MT; USA; 47.472435; -114.90013; 0.29032087; 0.85834837; 2
S39; Prineville; Prineville; OR; USA; 44.286995; -120.90383; 0.19057162; 0.7833608; 2
S40; Prosser; Prosser; WA; USA; 46.212357; -119.79281; 0.21643327; 0.84171784; 2
S43; Harvey; Snohomish; WA; USA; 47.908154; -122.10541; 0.19375934; 0.9132076; 2
S45; Siletz Bay State; Siletz Bay (Gleneden Beach); OR; USA; 44.877613; -124.02845; 0.1495865; 0.8246837; 2
S47; Tillamook; Tillamook; OR; USA; 45.418243; -123.814384; 0.15584387; 0.84130114; 2
S50; Auburn Municipal; Auburn; WA; USA; 47.328156; -122.22651; 0.18886082; 0.8945676; 2
S52; Methow Valley State; Winthrop; WA; USA; 48.4207; -120.147026; 0.2229587; 0.9183204; 2
S59; Libby; Libby; MT; USA; 48.283844; -115.49024; 0.28555498; 0.8887861; 2
S60; Kenmore Air Harbor Inc; Kenmore; WA; USA; 47.75482; -122.25929; 0.19081707; 0.9090693; 2
S64; Stanford; Stanford; MT; USA; 47.14719; -110.22993; 0.3543374; 0.82784504; 2
S66; Homedale Municipal; Homedale; ID; USA; 43.61488; -116.92154; 0.24486852; 0.7365209; 2
S67; Nampa Muni; Nampa; ID; USA; 43.581333; -116.523056; 0.25054675; 0.7331909; 2
S68; Orofino Municipal; Orofino; ID; USA; 46.49129; -116.27681; 0.26697218; 0.831619; 2
S69; Lincoln; Lincoln; MT; USA; 46.97494; -112.64476; 0.31985822; 0.8312841; 2
S70; Othello Muni; Othello; WA; USA; 46.794865; -119.080284; 0.22929412; 0.8572438; 2
S71; Edgar G Obie; Chinook; MT; USA; 48.591946; -109.248886; 0.37227064; 0.8741981; 2
S72; St Maries Municipal; St Maries; ID; USA; 47.327686; -116.57739; 0.26647583; 0.86166716; 2
S73; Kamiah Municipal; Kamiah; ID; USA; 46.21934; -116.01347; 0.26948828; 0.82098424; 2
S80; Idaho County; Grangeville; ID; USA; 45.94256; -116.12341; 0.26673228; 0.8120787; 2
S83; Shoshone County; Kellogg; ID; USA; 47.5477; -116.1885; 0.2728179; 0.8671793; 2
S85; Big Sky; Culbertson; MT; USA; 48.15333; -104.50389; 0.43695745; 0.846351; 2
S87; Weiser Municipal; Weiser; ID; USA; 44.20683; -116.96239; 0.24697323; 0.75706196; 2
S89; Craigmont Municipal; Craigmont; ID; USA; 46.24711; -116.48015; 0.26303846; 0.8243295; 2
S93; Cle Elum Municipal; Cle Elum; WA; USA; 47.183174; -120.88452; 0.20641641; 0.88117266; 2
S94; Whitman County Memorial; Colfax; WA; USA; 46.858498; -117.413795; 0.2527449; 0.8501002; 2
S97; Anderson; Brewster; WA; USA; 48.10487; -119.72061; 0.22710587; 0.9052018; 2
SAA; Shively; Saratoga; WY; USA; 41.44486; -106.823524; 0.38881394; 0.6181352; 2
SAC; Sacramento Executive; Sacramento; CA; USA; 38.512524; -121.49347; 0.1500884; 0.5906948; 2
SAD; Safford Regional; Safford; AZ; USA; 32.853313; -109.63497; 0.3199597; 0.32697684; 2
SAF; Santa Fe Municipal; Santa Fe; NM; USA; 35.61678; -106.08814; 0.38716048; 0.41108632; 2
SAN; San Diego International-Lindbergh; San Diego; CA; USA; 32.733555; -117.18966; 0.19053145; 0.36311316; 1
SAR; Sparta Community-Hunter; Sparta; IL; USA; 38.148937; -89.69871; 0.657684; 0.49125522; 2
SAT; San Antonio International; San Antonio; TX; USA; 29.533695; -98.46978; 0.51111364; 0.18269587; 2
SAV; Savannah International; Savannah; GA; USA; 32.127583; -81.20214; 0.8138823; 0.30678636; 2
SAW; Sawyer; Gwinn; MI; USA; 46.35361; -87.395836; 0.67933744; 0.7841135; 2
SAZ; Staples Municipal; Staples; MN; USA; 46.38088; -94.8066; 0.57292247; 0.7758125; 2
SBA; Santa Barbara Municipal; Santa Barbara; CA; USA; 34.426212; -119.84037; 0.15454341; 0.43919373; 2
SBD; San Bernardino International; San Bernardino; CA; USA; 34.095352; -117.23487; 0.19607918; 0.41025287; 2
SBM; Sheboygan County Memorial; Sheboygan; WI; USA; 43.769493; -87.85159; 0.67741233; 0.69283843; 2
SBN; South Bend Regional; South Bend; IN; USA; 41.708954; -86.318474; 0.70460767; 0.624207; 2
SBO; Emanuel County; Swainsboro; GA; USA; 32.60825; -82.3687; 0.79224455; 0.3184129; 2
SBP; San Luis Obispo Co-McChesney; San Luis Obispo; CA; USA; 35.237057; -120.642395; 0.14570144; 0.47268617; 2
SBS; Steamboat Springs; Steamboat Springs; CO; USA; 40.51626; -106.8663; 0.38593692; 0.58566976; 2
SBU; Blue Earth Municipal; Blue Earth; MN; USA; 43.595345; -94.09285; 0.5843446; 0.6783978; 2
SBX; Shelby; Shelby; MT; USA; 48.541252; -111.87207; 0.33607644; 0.8818413; 2
SBY; Salisbury-Ocean City: Wicomico Regional; Salisbury; MD; USA; 38.340527; -75.510284; 0.88398623; 0.55220985; 2
SCB; Scribner State; Scribner; NE; USA; 41.610332; -96.62986; 0.54605377; 0.6079892; 2
SCC; Deadhorse; Deadhorse; AK; USA; 70.194756; -148.46516; 0.20199087; 0.24556077; 2
SCD; Merkel Field Sylacauga Municipal; Sylacauga; AL; USA; 33.171837; -86.305534; 0.7230333; 0.32403767; 2
SCH; Schenectady Cty; Schenectady; NY; USA; 42.852455; -73.92887; 0.8871153; 0.71690094; 2
SCK; Stockton Metro; Stockton; CA; USA; 37.894268; -121.23862; 0.15064217; 0.567762; 2
SCM; Scammon Bay; Scammon Bay; AK; USA; 61.84454; -165.57375; 0.14872779; 0.14837325; 2
SCX; Scott Municipal; Oneida; TN; USA; 36.455696; -84.58575; 0.74432945; 0.4447642; 2
SD07; Bison Municipal; Bison; SD; USA; 45.518597; -102.4671; 0.46165544; 0.7508577; 2
SD10; Canton Municipal; Canton; SD; USA; 43.308887; -96.571; 0.547175; 0.6678736; 2
SD12; Wilder; De Smet; SD; USA; 44.4308; -97.56119; 0.53266; 0.70761245; 2
SD16; Eureka Municipal; Eureka; SD; USA; 45.79998; -99.64206; 0.5029626; 0.7570183; 2
SD18; Flandreau Municipal; Flandreau; SD; USA; 44.00386; -96.5931; 0.54693294; 0.6923325; 2
SD22; Hoven Municipal; Hoven; SD; USA; 45.257557; -99.79784; 0.5002549; 0.738179; 2
SD28; McLaughlin Municipal; McLaughlin; SD; USA; 45.79681; -100.78425; 0.4864115; 0.75814474; 2
SD32; Murdo Municipal; Murdo; SD; USA; 43.851658; -100.71208; 0.48544994; 0.689872; 2
SD33; Parkston Municipal; Parkston; SD; USA; 43.379154; -97.97118; 0.52613735; 0.6708222; 2
SD34; Presho Municipal; Presho; SD; USA; 43.90638; -100.03706; 0.49556497; 0.69101346; 2
SDA; Shenandoah Municipal; Shenandoah; IA; USA; 40.75148; -95.413475; 0.5649239; 0.5776464; 2
SDF; Louisville International-Standiford; Louisville; KY; USA; 38.17439; -85.736; 0.721518; 0.5015605; 2
SDL; Scottsdale; Scottsdale; AZ; USA; 33.622875; -111.91053; 0.28362972; 0.36404502; 2
SDM; Brown  Municipal; San Diego; CA; USA; 32.572304; -116.98025; 0.19334367; 0.3562184; 2
SDP; Sand Point Municipal; Sand Point; AK; USA; 55.31503; -160.5177; 0.16119105; 0.06449902; 2
SDY; Sidney-Richland Municipal; Sidney; MT; USA; 47.70686; -104.19255; 0.4405037; 0.8302463; 2
SEA; Seattle-Tacoma Intl; Seattle; WA; USA; 47.448982; -122.30931; 0.18841429; 0.8991552; 2
SEE; Gillespie; San Diego (El Cajon); CA; USA; 32.826233; -116.97245; 0.19463816; 0.3649006; 2
SEF; Sebring  And Industrial Park; Sebring; FL; USA; 27.456404; -81.3424; 0.82637507; 0.14435422; 2
SEG; Penn Valley; Selinsgrove; PA; USA; 40.82053; -76.86378; 0.8522054; 0.6305174; 2
SEM; Craig; Selma; AL; USA; 32.34395; -86.9878; 0.7129371; 0.29303545; 2
SEP; Clark Field Municipal; Stephenville; TX; USA; 32.215324; -98.177666; 0.51767445; 0.27666974; 2
SER; Freeman Municipal; Seymour; IN; USA; 38.923553; -85.907364; 0.71709466; 0.5274166; 2
SET; St Charles County Smart; St Charles; MO; USA; 38.929695; -90.42996; 0.6449115; 0.51758516; 2
SEZ; Sedona; Sedona; AZ; USA; 34.84863; -111.78846; 0.28994387; 0.40614468; 2
SFB; Orlando Sanford; Orlando; FL; USA; 28.77764; -81.23749; 0.82406217; 0.19044447; 2
SFD; Bob Wiley; Winner; SD; USA; 43.390583; -99.84256; 0.4980287; 0.6726745; 2
SFF; Felts; Spokane; WA; USA; 47.68282; -117.322556; 0.25780445; 0.8776122; 2
SFM; Sanford Regional; Sanford; ME; USA; 43.39386; -70.708; 0.9314226; 0.75558275; 2
SFO; San Francisco International; San Francisco; CA; USA; 37.619003; -122.37484; 0.13128114; 0.56673914; 1
SFQ; Suffolk Municipal; Suffolk; VA; USA; 36.682354; -76.601875; 0.8738043; 0.48857415; 2
SFY; Tri-Township; Savanna; IL; USA; 42.04582; -90.1076; 0.64601684; 0.62802315; 2
SFZ; North Central State; Pawtucket; RI; USA; 41.920765; -71.49138; 0.9279063; 0.7002295; 2
SGF; Springfield-Branson Regional; Springfield; MO; USA; 37.244328; -93.386856; 0.59857976; 0.4545439; 2
SGH; Springfield-Beckley Municipal; Springfield; OH; USA; 39.840282; -83.84015; 0.7475192; 0.5660943; 2
SGJ; St. Augustine; St. Augustine; FL; USA; 29.95925; -81.33975; 0.8184465; 0.23085594; 2
SGR; Sugar Land Municipal/Hull; Houston; TX; USA; 29.622253; -95.65653; 0.5619714; 0.18484008; 2
SGS; South St.Paul Municipal; South St Paul; MN; USA; 44.857132; -93.03285; 0.5994024; 0.7234111; 2
SGT; Stuttgart Municipal; Stuttgart; AR; USA; 34.60054; -91.57458; 0.6308352; 0.36302054; 2
SGU; St George Muni; St George; UT; USA; 37.090584; -113.593056; 0.2685454; 0.49305427; 2
SGY; Skagway; Skagway; AK; USA; 59.46006; -135.31566; 0.25602412; 0.12943262; 2
SHD; Shenandoah Valley Regional; Staunton/Harrisonburg; VA; USA; 38.263844; -78.89644; 0.83067846; 0.53143525; 2
SHG; Shungnak; Shungnak; AK; USA; 66.88917; -157.15051; 0.17908585; 0.20483029; 2
SHH; Shishmaref; Shishmaref; AK; USA; 66.249565; -166.08955; 0.15279898; 0.20208728; 2
SHL; Sheldon Municipal; Sheldon; IA; USA; 43.208393; -95.833435; 0.55827767; 0.66429466; 2
SHN; Sanderson; Shelton; WA; USA; 47.233555; -123.14755; 0.1757707; 0.8975016; 2
SHR; Sheridan County; Sheridan; WY; USA; 44.769196; -106.98028; 0.3944128; 0.73490614; 2
SHV; Shreveport Regional; Shreveport; LA; USA; 32.44663; -93.8256; 0.5936928; 0.284813; 2
SHX; Shageluk; Shageluk; AK; USA; 62.695118; -159.56906; 0.16960987; 0.15434581; 2
SIK; Sikeston Memorial Municipal; Sikeston; MO; USA; 36.898888; -89.56175; 0.66167164; 0.44738007; 2
SIT; Sitka; Sitka; AK; USA; 57.04714; -135.3616; 0.26073837; 0.100833; 1
SIV; Sullivan County; Sullivan; IN; USA; 39.11471; -87.448326; 0.692175; 0.53007764; 2
SIY; Siskiyou County; Montague; CA; USA; 41.78144; -122.46811; 0.15381743; 0.70894015; 2
SJC; San Jose International; San Jose; CA; USA; 37.361862; -121.92901; 0.13682196; 0.55464876; 1
SJN; St Johns Industrial Air Park; St Johns; AZ; USA; 34.518555; -109.37875; 0.32925195; 0.38409817; 2
SJT; San Angelo Regional /Mathis; San Angelo; TX; USA; 31.35775; -100.49631; 0.4762913; 0.24892288; 2
SJX; Beaver Island; St James; MI; USA; 45.692276; -85.56631; 0.7070198; 0.7655511; 2
SKI; Sac City Municipal; Sac City; IA; USA; 42.37908; -94.97958; 0.57133126; 0.6352029; 2
SKW; Skwentna; Skwentna; AK; USA; 61.965294; -151.19136; 0.19768468; 0.14439952; 2
SKX; Taos Municipal; Taos; NM; USA; 36.45819; -105.67243; 0.39587703; 0.43946916; 2
SLB; Storm Lake Municipal; Storm Lake; IA; USA; 42.597195; -95.24067; 0.5673127; 0.64283085; 2
SLC; Salt Lake City Intl; Salt Lake City; UT; USA; 40.788387; -111.977776; 0.307636; 0.61414576; 1
SLE; McNary Fld; Salem; OR; USA; 44.909527; -123.0025; 0.16423036; 0.818499; 2
SLG; Smith; Siloam Springs; AR; USA; 36.19061; -94.49088; 0.5808452; 0.41661376; 2
SLK; Adirondack; Saranac Lake; NY; USA; 44.38531; -74.206184; 0.8757524; 0.76781255; 2
SLN; Salina Municipal; Salina; KS; USA; 38.79148; -97.650604; 0.5292867; 0.50867856; 2
SLO; Salem-Leckrone; Salem; IL; USA; 38.64287; -88.96419; 0.66877687; 0.51008797; 2
SLQ; Sleetmute; Sleetmute; AK; USA; 61.709312; -157.1557; 0.17728008; 0.14134252; 2
SLR; Sulphur Springs Municipal; Sulphur Springs; TX; USA; 33.159832; -95.62114; 0.56231654; 0.30924326; 2
SMD; Smith; Fort Wayne; IN; USA; 41.143353; -85.15278; 0.72380424; 0.6076262; 2
SME; Somerset-Pulaski County; Somerset; KY; USA; 37.054195; -84.614944; 0.74234873; 0.4656865; 2
SMF; Sacramento International; Sacramento; CA; USA; 38.695423; -121.59077; 0.14959869; 0.5976338; 1
SMN; Lemhi County; Salmon; ID; USA; 45.12048; -113.88201; 0.29532534; 0.77292687; 2
SMO; Santa Monica Municipal; Santa Monica; CA; USA; 34.015823; -118.451294; 0.17545895; 0.41550183; 2
SMQ; Somerset; Somerville; NJ; USA; 40.62599; -74.67024; 0.8865504; 0.63599956; 2
SMS; Sumter Municipal; Sumter; SC; USA; 33.995693; -80.3615; 0.8220161; 0.37572396; 2
SMX; Santa Maria Pub/Capt G Allan Hancock; Santa Maria; CA; USA; 34.89925; -120.45758; 0.14690611; 0.4598021; 2
SNA; John Wayne /Orange Co; Santa Ana; CA; USA; 33.67566; -117.868225; 0.18353418; 0.39992875; 1
SNH; Savannah Hardin County; Savannah; TN; USA; 35.17036; -88.21587; 0.68673134; 0.38925344; 2
SNK; Winston; Snyder; TX; USA; 32.693386; -100.950455; 0.46972305; 0.2965551; 2
SNL; Shawnee Municipal; Shawnee; OK; USA; 35.357304; -96.942825; 0.5399263; 0.38694745; 2
SNP; St. Paul; St. Paul; AK; USA; 57.16733; -170.22044; 0.12492701; 0.09809172; 2
SNS; Salinas Municipal; Salinas; CA; USA; 36.662792; -121.60636; 0.13800274; 0.52842695; 2
SNY; Sidney Municipal; Sidney; NE; USA; 41.101334; -102.985275; 0.44735458; 0.5966785; 2
SOP; Moore County; Pinehurst/Southern Pines; NC; USA; 35.237354; -79.39117; 0.8338491; 0.42363983; 2
SOV; Seldovia; Seldovia; AK; USA; 59.44244; -151.70406; 0.19657576; 0.113251925; 2
SOW; Show Low Municipal; Show Low; AZ; USA; 34.26527; -110.00541; 0.3179381; 0.37782615; 2
SPA; Spartanburg Downtown Memorial; Spartanburg; SC; USA; 34.91572; -81.9565; 0.7922324; 0.40071315; 2
SPB; Scappoose Industrial Airpark; Scappoose; OR; USA; 45.772503; -122.86236; 0.17121203; 0.84657717; 2
SPF; Black Hills-Clyde Ice; Spearfish; SD; USA; 44.48022; -103.776886; 0.4408676; 0.71695757; 2
SPG; Albert Whitted Municipal; St. Petersburg; FL; USA; 27.765112; -82.626976; 0.8019279; 0.14911723; 2
SPH; Springhill; Springhill; LA; USA; 32.983166; -93.41081; 0.6006202; 0.30402154; 2
SPI; Capital; Springfield; IL; USA; 39.843952; -89.67762; 0.6556604; 0.55112046; 2
SPS; Sheppard AFB/Wichita Falls Municipal; Wichita Falls; TX; USA; 33.988796; -98.49189; 0.5131515; 0.3394128; 2
SPW; Spencer Municipal; Spencer; IA; USA; 43.165527; -95.202805; 0.5677887; 0.6628661; 2
SPX; Houston-Gulf; Houston; TX; USA; 29.508362; -95.05133; 0.57292634; 0.18097454; 2
SQI; Whiteside Co; Sterling Rockfalls; IL; USA; 41.74284; -89.67629; 0.6530351; 0.61806965; 2
SQL; San Carlos; San Carlos; CA; USA; 37.511856; -122.24953; 0.13263318; 0.5621505; 2
SRB; Upper Cumberland Regional; Sparta; TN; USA; 36.05593; -85.53075; 0.7297062; 0.42768127; 2
SRC; Searcy Municipal; Searcy; AR; USA; 35.211945; -91.73717; 0.6275045; 0.38438976; 2
SRQ; Sarasota Bradenton International; Sarasota; FL; USA; 27.395334; -82.55411; 0.8043388; 0.13666934; 2
SRR; Sierra Blanca Regional; Ruidoso; NM; USA; 33.46285; -105.53475; 0.39185777; 0.33378124; 2
SRV; Stony River 2; Stony River; AK; USA; 61.789875; -156.58818; 0.17925087; 0.14219105; 2
SSF; Stinson Municipal; San Antonio; TX; USA; 29.337008; -98.47114; 0.51098275; 0.1758089; 2
SSI; Malcolm McKinnon; Brunswick; GA; USA; 31.151592; -81.39135; 0.81372696; 0.27199066; 2
SSQ; Shell Lake Municipal; Shell Lake; WI; USA; 45.73138; -91.92066; 0.6149696; 0.75505286; 2
STC; St Cloud Regional; St Cloud; MN; USA; 45.545322; -94.058334; 0.5840319; 0.746881; 2
STE; Stevens Point Municipal; Stevens Point; WI; USA; 44.545135; -89.53028; 0.6512953; 0.71679187; 2
STF; George M Bryan; Starkville; MS; USA; 33.433815; -88.84864; 0.67884076; 0.32669455; 2
STJ; Rosecrans Memorial; St Joseph; MO; USA; 39.771946; -94.909706; 0.5730236; 0.5431379; 2
STK; Crosson; Sterling; CO; USA; 40.61526; -103.264656; 0.4422489; 0.58010197; 2
STL; Lambert-St Louis International; St Louis; MO; USA; 38.74769; -90.35999; 0.64625657; 0.511269; 1
STP; St Paul Downtown Holman; St Paul; MN; USA; 44.93447; -93.06; 0.59895355; 0.72610295; 2
STS; Sonoma Co; Santa Rosa; CA; USA; 38.508976; -122.81288; 0.12961751; 0.60030746; 2
SUA; Witham; Stuart; FL; USA; 27.181694; -80.221085; 0.8478315; 0.1404984; 2
SUD; Stroud Municipal; Stroud; OK; USA; 35.787567; -96.65863; 0.54476374; 0.40209013; 2
SUE; Door County Cherryland; Sturgeon Bay; WI; USA; 44.843662; -87.42154; 0.68179715; 0.7313846; 2
SUN; Friedman Memorial; Hailey; ID; USA; 43.50484; -114.29659; 0.2829179; 0.7191396; 2
SUS; Spirit of St Louis; St Louis; MO; USA; 38.66187; -90.65123; 0.64169025; 0.50778234; 2
SUT; Brunswick County; Southport; NC; USA; 33.929256; -78.07499; 0.8607725; 0.38499928; 2
SUW; Richard I Bong; Superior; WI; USA; 46.689716; -92.09466; 0.6116294; 0.7883535; 2
SUX; Sioux Gateway; Sioux City; IA; USA; 42.402603; -96.38437; 0.5499068; 0.63591146; 2
SVA; Savoonga; Savoonga; AK; USA; 63.686394; -170.49263; 0.13558254; 0.17627668; 2
SVC; Grant County; Silver City; NM; USA; 32.636547; -108.15639; 0.3448046; 0.31354815; 2
SVE; Susanville Municipal; Susanville; CA; USA; 40.376842; -120.573006; 0.17440185; 0.64793295; 2
SVH; Statesville Municipal; Statesville; NC; USA; 35.765263; -80.95673; 0.8061228; 0.43470728; 2
SVS; Stevens Village; Stevens Village; AK; USA; 66.009; -149.09592; 0.20263942; 0.19461429; 2
SWD; Seward; Seward; AK; USA; 60.126938; -149.41881; 0.20464009; 0.12239212; 2
SWF; Stewart; Newburgh; NY; USA; 41.504093; -74.104836; 0.8909635; 0.6695605; 2
SWO; Stillwater Regional; Stillwater; OK; USA; 36.16025; -97.08577; 0.53771704; 0.41537833; 2
SWT; Seward Municipal; Seward; NE; USA; 40.865257; -97.109314; 0.53847784; 0.58178914; 2
SWW; Avenger; Sweetwater; TX; USA; 32.46737; -100.46655; 0.47790533; 0.2878971; 2
SXL; Summersville; Summersville; WV; USA; 38.23164; -80.870804; 0.7993372; 0.52123344; 2
SXP; Sheldon Point; Sheldon Point; AK; USA; 62.520557; -164.84778; 0.15197808; 0.15587652; 2
SXQ; Soldotna; Soldotna; AK; USA; 60.47614; -151.03244; 0.19871135; 0.12612873; 2
SYF; Cheyenne County Municipal; St Francis; KS; USA; 39.761047; -101.795845; 0.46407703; 0.5473001; 2
SYI; Bomar Field-Shelbyville Municipal; Shelbyville; TN; USA; 35.5601; -86.44249; 0.7156558; 0.40754735; 2
SYR; Syracuse-Hancock Intl; Syracuse; NY; USA; 43.111187; -76.10631; 0.8538079; 0.7136421; 2
SYV; Sylvester; Sylvester; GA; USA; 31.558512; -83.89574; 0.76869065; 0.27570212; 2
SZP; Santa Paula; Santa Paula; CA; USA; 34.34722; -119.06122; 0.1669959; 0.43102962; 2
SZT; Sandpoint; Sandpoint; ID; USA; 48.299652; -116.55977; 0.27102283; 0.8945864; 2
SZY; Robert Sibley; Selmer; TN; USA; 35.20295; -88.49836; 0.6819348; 0.3897574; 2
T00; Chambers County; Anahauac; TX; USA; 29.77; -94.66361; 0.5798623; 0.19028562; 2
T03; Tuba City; Tuba City; AZ; USA; 36.09277; -111.382645; 0.30091992; 0.44766062; 2
T08; Tomahawk Regional; Tomahawk; WI; USA; 45.46914; -89.805695; 0.6459823; 0.7486827; 2
T18; Brooks County; Falfurrias; TX; USA; 27.206833; -98.12117; 0.516339; 0.10115194; 2
T28; Lampasas Municipal; Lampasas; TX; USA; 31.106728; -98.196; 0.51681924; 0.2376858; 2
T35; Cameron Municipal Airpark; Cameron; TX; USA; 30.879356; -96.9711; 0.5384944; 0.2290852; 2
T36; Paul Pittman Memorial; Tylertown; MS; USA; 31.146011; -90.168144; 0.65909517; 0.24365395; 2
T41; La Porte Municipal; La Porte; TX; USA; 29.66925; -95.06419; 0.5726608; 0.18660855; 2
T44; Trident Basin; Kodiak; AK; USA; 57.780834; -152.39139; 0.19433792; 0.092688024; 2
T47; Kickapoo Downtown Airpark; Wichita Falls; TX; USA; 33.86122; -98.49044; 0.51310635; 0.33490998; 2
T49; Big Spring McMahon-Wrinkle; Big Spring; TX; USA; 32.212612; -101.52164; 0.45922238; 0.28056753; 2
T53; Robstown-Nueces County; Robstown; TX; USA; 27.778543; -97.69052; 0.5245533; 0.1208114; 2
T56; Crockett-Houston County; Crockett; TX; USA; 31.306961; -95.40383; 0.56631577; 0.2440229; 2
T57; Garland Heliport; Garland; TX; USA; 32.887627; -96.68361; 0.54390955; 0.29969513; 2
T60; Stonewall County; Aspermont; TX; USA; 33.172318; -100.1976; 0.48324132; 0.3123619; 2
T65; Mid Valley; Weslaco; TX; USA; 26.177639; -97.97305; 0.5186509; 0.06525481; 2
T69; Sinton-San Patricio County; Sinton; TX; USA; 28.03925; -97.54244; 0.52737474; 0.12983155; 2
T71; Cuero Municipal; Cuero; TX; USA; 29.083588; -97.26694; 0.5327346; 0.1662128; 2
T72; Hearne Municipal; Hearne; TX; USA; 30.87183; -96.62222; 0.5446987; 0.22873306; 2
T74; Taylor Municipal; Taylor; TX; USA; 30.571945; -97.44317; 0.5300009; 0.21846795; 2
T78; Liberty Municipal; Liberty; TX; USA; 30.077806; -94.698555; 0.57914466; 0.20106447; 2
T80; Kleberg County; Kingsville; TX; USA; 27.550861; -98.03092; 0.51816833; 0.113078654; 2
T82; Gillespie County; Fredericksburg; TX; USA; 30.243694; -98.90953; 0.5036172; 0.2079609; 2
T89; Castroville Municipal; Castroville; TX; USA; 29.34192; -98.8509; 0.5041053; 0.17630577; 2
T90; Chambers County; Winnie/Stowell; TX; USA; 29.80411; -94.43102; 0.5840438; 0.19158942; 2
T97; Calhoun County; Port Lavaca; TX; USA; 28.65405; -96.68131; 0.543317; 0.15100116; 2
TAD; Perry Stokes; Trinidad; CO; USA; 37.259377; -104.340675; 0.41930404; 0.46418476; 2
TAL; Ralph M Calhoun Memorial; Tanana; AK; USA; 65.17439; -152.10939; 0.19389288; 0.1836257; 2
TAN; Taunton Municipal; Taunton; MA; USA; 41.874603; -71.01688; 0.93519723; 0.701818; 2
TAZ; Taylorville Municipal; Taylorville; IL; USA; 39.534187; -89.32781; 0.66163427; 0.54082954; 2
TBN; Forney AAF; Fort Leonard Wood; MO; USA; 37.74163; -92.14074; 0.6185625; 0.4732961; 2
TBR; Statesboro Municipal; Statesboro; GA; USA; 32.483166; -81.737274; 0.8035088; 0.3167643; 2
TCC; Tucumcari Municipal; Tucumcari; NM; USA; 35.182777; -103.60319; 0.42786208; 0.3892755; 2
TCL; Tuscaloosa Municipal; Tuscaloosa; AL; USA; 33.220627; -87.611404; 0.70047534; 0.3221377; 2
TCS; Truth Or Consequences Municipal; Truth Or Consequences; NM; USA; 33.236946; -107.27175; 0.36156738; 0.33137643; 2
TCT; Takotna; Takotna; AK; USA; 62.992702; -156.06819; 0.18130492; 0.15687531; 2
TCY; Tracy Municipal; Tracy; CA; USA; 37.689106; -121.44182; 0.14631954; 0.5622276; 2
TDF; Person County; Roxboro; NC; USA; 36.284893; -78.98423; 0.8366781; 0.46211672; 2
TDO; Toledo-Winlock Ed Carlson Memorial; Toledo; WA; USA; 46.47709; -122.80686; 0.17605379; 0.86986744; 2
TDZ; Toledo Metcalf; Toledo; OH; USA; 41.564873; -83.48226; 0.74838316; 0.6277437; 2
TEB; Teterboro; Teterboro; NJ; USA; 40.8501; -74.06084; 0.89476025; 0.6473347; 2
TEL; Perry County Municipal; Tell City; IN; USA; 38.017696; -86.69093; 0.70647055; 0.49336582; 2
TEW; Mason Jewett; Mason; MI; USA; 42.56577; -84.42322; 0.7314335; 0.6597028; 2
TEX; Telluride Regional; Telluride; CO; USA; 37.95376; -107.90848; 0.36301145; 0.4990356; 2
TGC; Gibson County; Trenton; TN; USA; 35.932453; -88.84894; 0.67489994; 0.41470784; 2
TGI; Tangier Island; Tangier; VA; USA; 37.825138; -75.99778; 0.87855405; 0.5315723; 2
THA; Tullahoma Regional; Tullahoma; TN; USA; 35.380157; -86.246025; 0.71931773; 0.40178275; 2
THM; Thompson Falls; Thompson Falls; MT; USA; 47.574936; -115.28432; 0.2854252; 0.8636702; 2
THP; Hot Springs County-Thermopolis Municipal; Thermopolis; WY; USA; 43.65829; -108.21316; 0.37342232; 0.69990706; 2
THV; York; York; PA; USA; 39.916996; -76.873024; 0.855851; 0.59917504; 2
TIW; Tacoma Narrows; Tacoma; WA; USA; 47.267933; -122.5781; 0.18372656; 0.89485395; 2
TIX; Space Cost Regional; Titusville; FL; USA; 28.5148; -80.799225; 0.8328284; 0.18348694; 2
TKA; Talkeetna; Talkeetna; AK; USA; 62.3205; -150.09369; 0.20126764; 0.14908093; 2
TKE; Tenakee SPB; Tenakee Springs; AK; USA; 57.77966; -135.21844; 0.25979048; 0.10974616; 2
TKI; McKinney Municipal; McKinney; TX; USA; 33.177948; -96.59053; 0.5455618; 0.30991358; 2
TKX; Kennett Memorial; Kennett; MO; USA; 36.23087; -90.03467; 0.6547823; 0.42294198; 2
TLH; Tallahassee Regional; Tallahassee; FL; USA; 30.396528; -84.350334; 0.76369643; 0.23348838; 2
TLR; Mefford; Tulare; CA; USA; 36.156307; -119.326164; 0.17183416; 0.49488938; 2
TLT; Tuluksak; Tuluksak; AK; USA; 61.096764; -160.96841; 0.16375288; 0.13552606; 2
TMA; Henry Tift Myers; Tifton; GA; USA; 31.428795; -83.48787; 0.77617973; 0.27274483; 2
TMB; Kendall-Tamiami Executive; Miami; FL; USA; 25.647888; -80.43278; 0.8491056; 0.08680576; 2
TNP; Twentynine Palms; Twentynine Palms; CA; USA; 34.132084; -115.94583; 0.21774188; 0.40354317; 2
TNT; Dade Collier T And T; Miami; FL; USA; 25.861805; -80.897; 0.83973634; 0.09175426; 2
TNU; Newton Municipal; Newton; IA; USA; 41.67443; -93.02173; 0.6016487; 0.61140966; 2
TOA; Zamperini; Torrance; CA; USA; 33.80338; -118.3396; 0.17627995; 0.40745735; 2
TOB; Dodge Center; Dodge Center; MN; USA; 44.018; -92.8315; 0.6029453; 0.6941091; 2
TOC; Toccoa, R G Le Tourneau; Toccoa; GA; USA; 34.593765; -83.2958; 0.7707221; 0.3840888; 2
TOG; Togiak Village; Togiak; AK; USA; 59.05284; -160.39693; 0.16430926; 0.11014485; 2
TOI; Troy Municipal; Troy; AL; USA; 31.860416; -86.01214; 0.73095214; 0.27897006; 2
TOL; Toledo Express; Toledo; OH; USA; 41.586807; -83.80783; 0.7433426; 0.62741387; 2
TOP; Philip Billard Municipal; Topeka; KS; USA; 39.068657; -95.62248; 0.56180114; 0.5181165; 2
TOR; Torrington Muni; Torrington; WY; USA; 42.06455; -104.1527; 0.43100557; 0.6329924; 2
TPA; Tampa International; Tampa; FL; USA; 27.975471; -82.53325; 0.80302656; 0.15679604; 2
TPF; Peter O. Knight; Tampa; FL; USA; 27.915579; -82.449265; 0.8047345; 0.155096; 2
TPH; Tonopah; Tonopah; NV; USA; 38.060204; -117.08715; 0.21683902; 0.5460627; 2
TPL; Draughon-Miller Central Texas Regional; Temple; TX; USA; 31.1525; -97.407776; 0.53081197; 0.23884785; 2
TPO; Port Alsworth; Port Alsworth; AK; USA; 60.204334; -154.31888; 0.1869692; 0.12238842; 2
TQE; Municipal; Tekamah; NE; USA; 41.763527; -96.17795; 0.5530292; 0.6133473; 2
TQH; Tahlequah Municipal; Tahlequah; OK; USA; 35.928917; -95.004524; 0.57236755; 0.40717036; 2
TQK; Scott City Municipal; Scott City; KS; USA; 38.474277; -100.88494; 0.47708642; 0.5004779; 2
TRI; Tri-Cities Regional; Bristol; TN; USA; 36.475216; -82.40742; 0.78003097; 0.45342422; 2
TRK; Truckee-Tahoe; Truckee; CA; USA; 39.32004; -120.139565; 0.17541228; 0.60885584; 2
TRL; Terrell Municipal; Terrell; TX; USA; 32.710045; -96.267426; 0.5511182; 0.29337484; 2
TRM; Desert Resorts Regional; Palm Springs; CA; USA; 33.6279; -116.16012; 0.21194214; 0.38743705; 2
TRX; Trenton Municipal; Trenton; MO; USA; 40.083515; -93.59064; 0.59373176; 0.5547993; 2
TSO; Carroll County-Tolson; Carrollton; OH; USA; 40.561867; -81.077484; 0.78839314; 0.6017468; 2
TSP; Tehachapi Municipal; Tehachapi; CA; USA; 35.13497; -118.43925; 0.18114434; 0.45385575; 2
TTA; Sanford-Lee County Regional; Sanford; NC; USA; 35.582474; -79.101364; 0.8373707; 0.43708867; 2
TTD; Portland-Troutdale; Portland; OR; USA; 45.54937; -122.40125; 0.17636979; 0.83594334; 2
TTF; Monroe Custer; Monroe; MI; USA; 41.939907; -83.434685; 0.74807584; 0.64102924; 2
TTN; Trenton-Mercer County; Trenton; NJ; USA; 40.27669; -74.81347; 0.88598543; 0.62312114; 2
TUL; Tulsa International; Tulsa; OK; USA; 36.19837; -95.888245; 0.55762446; 0.4165545; 2
TUP; Tupelo Municipal; Tupelo; MS; USA; 34.26811; -88.7699; 0.6788658; 0.35622966; 2
TUS; Tucson International; Tucson; AZ; USA; 32.116085; -110.941025; 0.29513824; 0.30704498; 1
TVB; Cabool Memorial; Cabool; MO; USA; 37.132442; -92.08396; 0.6200124; 0.45182484; 2
TVC; Cherry Capital; Traverse City; MI; USA; 44.741444; -85.58224; 0.70895326; 0.73236895; 2
TVF; Thief River Falls Regional; Thief River Falls; MN; USA; 48.065502; -96.18336; 0.55319875; 0.8343383; 2
TVI; Thomasville Municipal; Thomasville; GA; USA; 30.901552; -83.88133; 0.77068484; 0.25284576; 2
TVK; Centerville Municipal; Centerville; IA; USA; 40.683903; -92.90103; 0.60418403; 0.57654136; 2
TVL; Lake Tahoe; South Lake Tahoe; CA; USA; 38.893883; -119.99534; 0.17540242; 0.59328854; 2
TVR; Vicksburg Tallulah Regional; Tallulah; LA; USA; 32.35161; -91.02769; 0.64256495; 0.28456253; 2
TVY; Tooele Valley; Tooele; UT; USA; 40.612274; -112.35077; 0.30126798; 0.60967445; 2
TWF; Joslin Field - Magic Valley; Twin Falls; ID; USA; 42.481804; -114.48773; 0.27597034; 0.6847046; 2
TWM; Richard B. Helgeson; Two Harbors; MN; USA; 47.049225; -91.74514; 0.61629266; 0.8012463; 2
TXK; Texarkana Regional-Webb; Texarkana; AR; USA; 33.45371; -93.99102; 0.59036285; 0.32020354; 2
TYL; Taylor; Taylor; AZ; USA; 34.452835; -110.11481; 0.31667536; 0.38484043; 2
TYQ; Indianapolis Terry; Indianapolis; IN; USA; 40.03065; -86.251434; 0.70923626; 0.5653987; 2
TYR; Tyler Pounds; Tyler; TX; USA; 32.354137; -95.40239; 0.5662039; 0.28087866; 2
TYS; McGhee-Tyson; Knoxville; TN; USA; 35.81249; -83.99286; 0.75577325; 0.42423296; 2
TZR; Bolton; Columbus; OH; USA; 39.900818; -83.13719; 0.7583671; 0.5706748; 2
TZT; Belle Plaine Municipal; Belle Plaine; IA; USA; 41.878777; -92.28457; 0.6128325; 0.6192913; 2
TZV; Tompkinsville-Monroe County; Tompkinsville; KY; USA; 36.72978; -85.65192; 0.7261649; 0.45100176; 2
U02; McCarley; Blackfoot; ID; USA; 43.20925; -112.34959; 0.31059164; 0.6999585; 2
U03; Buhl Municipal; Buhl; ID; USA; 42.59157; -114.796715; 0.27180588; 0.6900456; 2
U05; Riddick; Philipsburg; MT; USA; 46.31937; -113.30506; 0.3081426; 0.81158936; 2
U08; Perkins; Overton; NV; USA; 36.56803; -114.44331; 0.25272024; 0.4793508; 2
U10; Preston; Preston; ID; USA; 42.106907; -111.91254; 0.3132419; 0.6597663; 2
U14; Nephi Municipal; Nephi; UT; USA; 39.738842; -111.8716; 0.30561113; 0.5770938; 2
U25; Dubois Municipal; Dubois; WY; USA; 43.548347; -109.69026; 0.35118377; 0.70114225; 2
U30; Temple Bar; Temple Bar; AZ; USA; 36.020542; -114.33524; 0.2522716; 0.45976758; 2
U34; Green River Muni; Green River; UT; USA; 38.96136; -110.22736; 0.3288884; 0.5429807; 2
U36; Aberdeen Municipal; Aberdeen; ID; USA; 42.92102; -112.8811; 0.3016395; 0.69231284; 2
U42; Salt Lake City Municipal 2; Salt Lake City; UT; USA; 40.61954; -111.99289; 0.30681074; 0.60832965; 2
U43; Monticello; Monticello; UT; USA; 37.937214; -109.346504; 0.33983123; 0.5036676; 2
U52; Beaver Municipal; Beaver; UT; USA; 38.23071; -112.67535; 0.28754613; 0.52821887; 2
U55; Panguitch Municipal; Panguitch; UT; USA; 37.845234; -112.39188; 0.2906717; 0.51344514; 2
U59; Driggs-Reed Memorial; Driggs; ID; USA; 43.741932; -111.09786; 0.33095706; 0.71323717; 2
U68; North Big Horn County; Cowley/Lovell/Byron; WY; USA; 44.91167; -108.44551; 0.37338454; 0.7443356; 2
U69; Duchesne Municipal; Duchesne; UT; USA; 40.191902; -110.38099; 0.33034843; 0.5866244; 2
U70; Cascade; Cascade; ID; USA; 44.493782; -116.01624; 0.26194948; 0.76185524; 2
U76; Mountain Home Municipal; Mountain Home; ID; USA; 43.131252; -115.72959; 0.2602362; 0.71346986; 2
U77; Spanish Fork-Springville; Spanish Fork; UT; USA; 40.14162; -111.661316; 0.3102811; 0.59021586; 2
U82; Council Municipal; Council; ID; USA; 44.74989; -116.44681; 0.2568648; 0.7729089; 2
U96; Cal Black Memorial; Halls Crossing; UT; USA; 37.442215; -110.56958; 0.31860507; 0.49125677; 2
UAO; Aurora State; Aurora; OR; USA; 45.24714; -122.77006; 0.16946335; 0.82826716; 2
UBE; Cumberland Municipal; Cumberland; WI; USA; 45.50597; -91.98109; 0.61429113; 0.7471018; 2
UBS; Columbus-Lowndes County; Columbus; MS; USA; 33.465397; -88.38032; 0.6868309; 0.32886082; 2
UBX; Cuba Municipal; Cuba; MO; USA; 38.068775; -91.428856; 0.6298073; 0.4857236; 2
UCA; Oneida Cty; Utica; NY; USA; 43.14512; -75.38386; 0.8643116; 0.71869683; 2
UCP; New Castle Muni; New Castle; PA; USA; 41.025337; -80.41337; 0.79706895; 0.6207047; 2
UCY; Everett-Stewart; Union City; TN; USA; 36.38025; -88.98548; 0.6719368; 0.43021518; 2
UDD; Bermuda Dunes; Palm Springs; CA; USA; 33.748436; -116.27481; 0.21054992; 0.39229584; 2
UDG; Darlington County; Darlington; SC; USA; 34.449196; -79.89036; 0.8283591; 0.39376605; 2
UES; Waukesha County; Waukesha; WI; USA; 43.041027; -88.23705; 0.6729122; 0.6664648; 2
UGN; Waukegan Regional; Chicago/Waukegan; IL; USA; 42.42216; -87.867905; 0.67957526; 0.64551556; 2
UIL; Quillayute; Forks; WA; USA; 47.937145; -124.56125; 0.16086598; 0.93066007; 2
UIN; Quincy Municipal-Baldwin; Quincy; IL; USA; 39.942623; -91.19446; 0.63161355; 0.5522396; 2
UIZ; Berz-Macomb; Utica; MI; USA; 42.663895; -82.96542; 0.7531425; 0.6679563; 2
UKF; Wilkes County; North Wilkesboro; NC; USA; 36.22284; -81.098335; 0.8022869; 0.4500637; 2
UKI; Ukiah Municipal; Ukiah; CA; USA; 39.125957; -123.20085; 0.12727447; 0.6241999; 2
UKL; Coffey County; Burlington; KS; USA; 38.302486; -95.72496; 0.5602099; 0.49100125; 2
UKT; Quakertown; Quakertown; PA; USA; 40.43521; -75.38193; 0.8765512; 0.6253078; 2
ULM; New Ulm Municipal; New Ulm; MN; USA; 44.319572; -94.502304; 0.5779717; 0.7036792; 2
ULS; Ulysses; Ulysses; KS; USA; 37.603752; -101.37339; 0.46819472; 0.47044253; 2
UMP; Indianapolis Metropolitan; Indianapolis; IN; USA; 39.935204; -86.04495; 0.7126844; 0.5626103; 2
UNI; Ohio University; Athens/Albany; OH; USA; 39.21096; -82.23142; 0.7746264; 0.549901; 2
UNK; Unalakleet; Unalakleet; AK; USA; 63.88836; -160.79895; 0.16642478; 0.1695779; 2
UNO; West Plains Municipal; West Plains; MO; USA; 36.87814; -91.902695; 0.62321436; 0.443048; 2
UNU; Dodge County; Juneau; WI; USA; 43.426582; -88.703224; 0.66527414; 0.6790639; 2
UNV; University Park; State College; PA; USA; 40.849277; -77.848694; 0.83702475; 0.6264677; 2
UOS; Franklin County; Sewanee; TN; USA; 35.20397; -85.89859; 0.7255137; 0.39661628; 2
UOX; University-Oxford; Oxford; MS; USA; 34.384315; -89.53531; 0.6656898; 0.35874104; 2
UPP; Upolu; Hawi; HI; USA; 20.265255; -155.85999; 0.38316864; 0.09176642; 2
USE; Fulton County; Wauseon; OH; USA; 41.610332; -84.12553; 0.73841923; 0.62719476; 2
UTS; Huntsville Municipal; Huntsville; TX; USA; 30.746887; -95.587166; 0.56312263; 0.22430944; 2
UUO; Willow; Willow; AK; USA; 61.754417; -150.05167; 0.20165446; 0.142142; 2
UUU; Newport State; Newport; RI; USA; 41.53244; -71.28155; 0.9331116; 0.6883736; 2
UUV; Sullivan Regional; Sullivan; MO; USA; 38.23343; -91.16433; 0.6339125; 0.49189913; 2
UVA; Garner; Uvalde; TX; USA; 29.21135; -99.74358; 0.48782924; 0.17268276; 2
UWL; New Castle-Henry Co; New Castle; IN; USA; 39.87585; -85.32647; 0.72410303; 0.56259644; 2
UYF; Madison County; London; OH; USA; 39.932728; -83.462006; 0.75319314; 0.5706408; 2
UZA; Rock Hill Municipal/Bryant; Rock Hill; SC; USA; 34.987835; -81.05717; 0.80701756; 0.40712154; 2
VAK; Chevak; Chevak; AK; USA; 61.533634; -165.58372; 0.14830029; 0.14461511; 2
VAY; South Jersey Reg; Mount Holly; NJ; USA; 39.94289; -74.84572; 0.88703644; 0.6114218; 2
VBT; Bentonville Municipal; Bentonville; AR; USA; 36.345715; -94.219345; 0.585296; 0.42223012; 2
VCB; Nut Tree; Vacaville; CA; USA; 38.37675; -121.962456; 0.14204147; 0.5894741; 2
VCT; Victoria Regional; Victoria; TX; USA; 28.852556; -96.91849; 0.5390228; 0.15800542; 2
VCV; Southern California Logistic; Victorville; CA; USA; 34.593224; -117.37946; 0.1959977; 0.42831796; 2
VDI; Vidalia Municipal; Vidalia; GA; USA; 32.192554; -82.37195; 0.7934299; 0.30390537; 2
VDZ; Valdez; Valdez; AK; USA; 61.13395; -146.24837; 0.21517709; 0.13649213; 2
VEE; Venetie; Venetie; AK; USA; 67.0227; -146.41377; 0.20971565; 0.2081809; 2
VEL; Vernal; Vernal; UT; USA; 40.440903; -109.50992; 0.34464687; 0.5919597; 2
VER; Jesse Viertel Memorial; Boonville; MO; USA; 38.945774; -92.68277; 0.6088649; 0.51531154; 2
VES; Darke County; Versailles; OH; USA; 40.20442; -84.53191; 0.73574585; 0.57658935; 2
VGT; North Las Vegas; Las Vegas; NV; USA; 36.211666; -115.19575; 0.2390221; 0.47112864; 2
VHN; Culberson County; Van Horn; TX; USA; 31.057844; -104.783806; 0.40009183; 0.24734461; 2
VIH; Rolla National; Rolla/Vichy; MO; USA; 38.127434; -91.76952; 0.6242385; 0.48736614; 2
VIQ; Neillsville Municipal; Neillsville; WI; USA; 44.55813; -90.512245; 0.63679814; 0.71570975; 2
VIS; Visalia Municipal; Visalia; CA; USA; 36.31867; -119.39289; 0.17158812; 0.5009134; 2
VJI; Virginia Highlands; Abingdon; VA; USA; 36.68711; -82.03333; 0.78550816; 0.46234697; 2
VLA; Vandalia Municipal; Vandalia; IL; USA; 38.991306; -89.16622; 0.6650121; 0.5219836; 2
VLD; Valdosta Regional; Valdosta; GA; USA; 30.7825; -83.276726; 0.78167593; 0.25106227; 2
VMR; Harold Davidson; Vermillion; SD; USA; 42.76529; -96.93426; 0.54159725; 0.6487962; 2
VNC; Venice Municipal; Venice; FL; USA; 27.071611; -82.44033; 0.80737925; 0.12600857; 2
VNW; Van Wert County; Van Wert; OH; USA; 40.864723; -84.60944; 0.7328799; 0.5995129; 2
VNY; Van Nuys; Van Nuys; CA; USA; 34.20981; -118.489975; 0.17576848; 0.42242122; 2
VPC; Cartersville; Cartersville; GA; USA; 34.12314; -84.848694; 0.7457304; 0.36202186; 2
VPS; Eglin Air Force Base; Valparaiso; FL; USA; 30.48325; -86.5254; 0.72483855; 0.22924191; 2
VPZ; Porter County Municipal; Valparaiso; IN; USA; 41.453968; -87.00707; 0.69455874; 0.61349124; 2
VQQ; Cecil; Jacksonville; FL; USA; 30.218674; -81.87666; 0.80809915; 0.23740053; 2
VRB; Vero Beach Municipal; Vero Beach; FL; USA; 27.655556; -80.417946; 0.84262127; 0.1557818; 2
VSF; Springfield State/Hartness; Springfield; VT; USA; 43.343628; -72.51731; 0.90537685; 0.7422341; 2
VTA; Newark-Heath; Newark; OH; USA; 40.024673; -82.46182; 0.7685658; 0.57750016; 2
VTI; Vinton Veterans Memorial Airpark; Vinton; IA; USA; 42.218628; -92.025925; 0.6165053; 0.6315432; 2
VTN; Miller; Valentine; NE; USA; 42.857674; -100.547356; 0.4869133; 0.65471196; 2
VUJ; Stanly County; Albemarle; NC; USA; 35.416695; -80.150795; 0.8206275; 0.42622906; 2
VUO; Pearson Airpark; Vancouver; WA; USA; 45.620453; -122.65649; 0.17320697; 0.84006166; 2
VVV; Ortonville Municipal; Ortonville; MN; USA; 45.305664; -96.42442; 0.5495665; 0.73801893; 2
VYS; Illinois Valley Regional; Peru/Lasalle; IL; USA; 41.351868; -89.15308; 0.6616588; 0.60524106; 2
W04; Ocean Shores Municipal; Ocean Shores; WA; USA; 47.003696; -124.14378; 0.16084139; 0.89667153; 2
W05; Gettysburg  & Travel Center; Gettysburg; PA; USA; 39.840927; -77.274155; 0.84995264; 0.59442437; 2
W11; Menomonie Municipal - Score; Menomonie; WI; USA; 44.892345; -91.86778; 0.6164949; 0.72572434; 2
W22; Upshur County Regional; Buckhannon; WV; USA; 39.00036; -80.273926; 0.8062032; 0.55068743; 2
W29; Bay Bridge Industrial; Stevensville; MD; USA; 38.976387; -76.329636; 0.86831105; 0.56954974; 2
W31; Lunenburg County; Kenbridge; VA; USA; 36.96015; -78.185; 0.84708077; 0.48965842; 2
W33; Friday Harbor; Friday Harbor; WA; USA; 48.537323; -123.00962; 0.18518668; 0.940078; 2
W40; Mt Olive Municipal; Mt Olive; NC; USA; 35.222248; -78.037796; 0.8563081; 0.43005967; 2
W41; Crisfield Municipal; Crisfield; MD; USA; 38.01679; -75.82882; 0.88039243; 0.5391724; 2
W44; Asheboro Municipal; Asheboro; NC; USA; 35.65388; -79.89504; 0.82402205; 0.435705; 2
W45; Luray Caverns; Luray; VA; USA; 38.667057; -78.50058; 0.83542067; 0.54741216; 2
W66; Warrenton-Fauquier; Warrenton; VA; USA; 38.587048; -77.71139; 0.8482011; 0.5486356; 2
W78; William M Tuck; South Boston; VA; USA; 36.710045; -78.84802; 0.8373012; 0.47759175; 2
W95; Ocracoke Island; Ocracoke; NC; USA; 35.10117; -75.96595; 0.89101714; 0.4375481; 2
W96; New Kent County; Quinton; VA; USA; 37.5032; -77.12553; 0.86193514; 0.51412845; 2
W97; Middle Peninsula Regional; West Point; VA; USA; 37.52123; -76.76468; 0.86763304; 0.51673126; 2
W99; Grant County; Petersburg; WV; USA; 38.994194; -79.14439; 0.8240312; 0.5556686; 2
WA10; Grove; Camas/Washougal; WA; USA; 45.627777; -122.40417; 0.1767758; 0.8386042; 2
WA21; Grand Coulee Dam; Electric City; WA; USA; 47.923485; -119.08058; 0.2348974; 0.89540267; 2
WA31; Whidbey Air Park; Langley; WA; USA; 48.01815; -122.43848; 0.18988223; 0.91903526; 2
WA43; Odessa Municipal; Odessa; WA; USA; 47.358204; -118.673325; 0.2376932; 0.8739928; 2
WAY; Greene Cty; Waynesburg; PA; USA; 39.900074; -80.13312; 0.8052881; 0.582695; 2
WBB; Stebbins; Stebbins; AK; USA; 63.51592; -162.28275; 0.16137531; 0.16594315; 2
WBQ; Beaver; Beaver; AK; USA; 66.36155; -147.40121; 0.20738958; 0.19963783; 2
WBW; Wilkes-Barre Wyoming Valley; Wilkes-Barre; PA; USA; 41.297173; -75.851204; 0.8655597; 0.65244144; 2
WCR; Chandalar Lake; Chandalar Lake; AK; USA; 67.50452; -148.48322; 0.20355076; 0.21305662; 2
WDG; Enid Woodring Municipal; Enid; OK; USA; 36.379204; -97.791115; 0.52607876; 0.42341983; 2
WDR; Winder; Winder; GA; USA; 33.982277; -83.66808; 0.7661163; 0.361278; 2
WHP; Whiteman; Los Angeles; CA; USA; 34.259327; -118.41344; 0.17727996; 0.42360628; 2
WJF; General Wm. J. Fox Airfield; Lancaster; CA; USA; 34.74096; -118.21895; 0.18284151; 0.43885517; 2
WLD; Strother; Winfield/Arkansas City; KS; USA; 37.168617; -97.03752; 0.5387501; 0.45102966; 2
WLK; Selawik; Selawik; AK; USA; 66.60003; -159.98619; 0.17078498; 0.20225519; 2
WLW; Willows-Glenn County; Willows; CA; USA; 39.516354; -122.217514; 0.14459342; 0.6301446; 2
WMC; Winnemucca Municipal; Winnemucca; NV; USA; 40.89661; -117.805885; 0.21901925; 0.648136; 2
WMO; White Mountain; White Mountain; AK; USA; 64.68919; -163.41255; 0.15895778; 0.18102568; 2
WNA; Napakiak; Napakiak; AK; USA; 60.69119; -161.96951; 0.15991382; 0.13123304; 2
WRG; Wrangell; Wrangell; AK; USA; 56.484325; -132.36983; 0.2733227; 0.10022479; 2
WRL; Worland Muni; Worland; WY; USA; 43.965714; -107.95083; 0.37812254; 0.70979714; 2
WSM; Wiseman; Wiseman; AK; USA; 67.40457; -150.12274; 0.19901265; 0.21129352; 2
WSN; South Naknek 2; South Naknek; AK; USA; 58.703438; -157.00826; 0.17679231; 0.10434312; 2
WST; Westerly State; Westerly; RI; USA; 41.349617; -71.803375; 0.92628473; 0.67866933; 2
WTK; Noatak; Noatak; AK; USA; 67.56208; -162.97528; 0.16311255; 0.21552962; 2
WVI; Watsonville Municipal; Watsonville; CA; USA; 36.93573; -121.78962; 0.13662149; 0.53909147; 2
WVL; Waterville-Robert Lafleur; Waterville; ME; USA; 44.53325; -69.67553; 0.93987197; 0.8011411; 2
WWD; Cape May Cty; Wildwood; NJ; USA; 39.008507; -74.90827; 0.8903878; 0.5788178; 2
WWR; West Woodward; Woodward; OK; USA; 36.436703; -99.520996; 0.4974595; 0.4268028; 2
WYS; Yellowstone; West Yellowstone; MT; USA; 44.6884; -111.11764; 0.33379072; 0.746163; 2
X01; Everglades; Everglades; FL; USA; 25.848711; -81.390076; 0.830581; 0.08886194; 2
X06; Arcadia Municipal; Arcadia; FL; USA; 27.191994; -81.8373; 0.8181186; 0.13290596; 2
X07; Lake Wales Municipal; Lake Wales; FL; USA; 27.893806; -81.62039; 0.81991833; 0.1581161; 2
X10; Belle Glade Municipal; Belle Glade; FL; USA; 26.7009; -80.66228; 0.8413325; 0.12172371; 2
X14; Labelle Municipal; Labelle; FL; USA; 26.744232; -81.43258; 0.8269696; 0.11940932; 2
X16; Vandenberg; Tampa; FL; USA; 28.013985; -82.345276; 0.80634004; 0.15895677; 2
X21; Arthur Dunn Airpark; Titusville; FL; USA; 28.622345; -80.83569; 0.83181494; 0.18702024; 2
X23; Umatilla Municipal; Umatilla; FL; USA; 28.922766; -81.65174; 0.8161387; 0.19352007; 2
X26; Sebastian Municipal; Sebastian; FL; USA; 27.812803; -80.495605; 0.8406758; 0.16080093; 2
X35; Dunnellon/Marion Co.; Dunellon; FL; USA; 29.061777; -82.37659; 0.8026657; 0.1950717; 2
X40; Inverness; Inverness; FL; USA; 28.808596; -82.31648; 0.8045014; 0.18656778; 2
X44; Watson Island Base; Miami; FL; USA; 25.778334; -80.17028; 0.8535615; 0.09264541; 2
X46; Opa-Locka West; Miami; FL; USA; 25.948982; -80.423386; 0.8482698; 0.09716219; 2
X47; Flagler County; Bunnell; FL; USA; 29.467388; -81.20634; 0.8224033; 0.21444726; 2
X51; Homestead General Aviation; Homestead; FL; USA; 25.498722; -80.55422; 0.8473338; 0.08107215; 2
X59; Valkaria; Valkaria; FL; USA; 27.961966; -80.55978; 0.83900756; 0.1656149; 2
X60; Williston Municipal; Williston; FL; USA; 29.35422; -82.472885; 0.80007076; 0.20478761; 2
XNA; Northwest Arkansas Regional; Fayetteville/Springdale/Rogers; AR; USA; 36.281868; -94.30681; 0.5838695; 0.41992766; 2
XVG; Longville Municipal; Longville; MN; USA; 46.99016; -94.204; 0.58134556; 0.79730976; 2
Y03; Springfield Municipal; Springfield; SD; USA; 42.879997; -97.90118; 0.5269809; 0.6532069; 2
Y14; Marv Skie-Lincoln County; Tea; SD; USA; 43.457478; -96.801994; 0.54372525; 0.6731473; 2
Y15; Cheboygan City-County; Cheboygan; MI; USA; 45.65371; -84.51927; 0.7222242; 0.7671595; 2
Y19; Mandan Municipal; Mandan; ND; USA; 46.768238; -100.89434; 0.4858538; 0.79219466; 2
Y27; Standing Rock; Fort Yates; ND; USA; 46.066387; -100.63485; 0.4888484; 0.7673863; 2
Y31; West Branch Community; West Branch; MI; USA; 44.244823; -84.1798; 0.7307585; 0.71912485; 2
Y37; Park River Municipal; Park River; ND; USA; 48.394436; -97.78148; 0.5309392; 0.84614575; 2
Y47; New Hudson; New Hudson; MI; USA; 42.503117; -83.62372; 0.7436689; 0.660089; 2
Y50; Wautoma Municipal; Wautoma; WI; USA; 44.041626; -89.30449; 0.65536267; 0.6995303; 2
Y51; Viroqua Municipal; Viroqua; WI; USA; 43.57914; -90.90096; 0.6321591; 0.6807994; 2
Y55; Crandon Municipal; Crandon; WI; USA; 45.51663; -88.93345; 0.65859056; 0.7518359; 2
Y63; Elbow Lake Municipal; Elbow Lake; MN; USA; 45.986073; -95.992; 0.55588317; 0.7618254; 2
Y66; Drummond Island; Drummond Island; MI; USA; 46.00931; -83.743935; 0.73245573; 0.7818698; 2
Y68; Tracy Municipal; Tracy; MN; USA; 44.249958; -95.604454; 0.56163794; 0.7009583; 2
Y70; Ionia County; Ionia; MI; USA; 42.9377; -85.06067; 0.7209118; 0.670794; 2
Y74; Hankins; Parshall; ND; USA; 47.9364; -102.14211; 0.4696109; 0.83454293; 2
Y83; Sandusky City; Sandusky; MI; USA; 43.454185; -82.84938; 0.7526106; 0.69593954; 2
Y93; Atlanta Municipal; Atlanta; MI; USA; 45.000008; -84.13334; 0.7294839; 0.7455818; 2
YAK; Yakutat; Yakutat; AK; USA; 59.50336; -139.66023; 0.24045098; 0.123317; 2
YIP; Willow Run; Detroit; MI; USA; 42.237926; -83.53041; 0.74580324; 0.65112865; 2
YKM; Yakima Air Terminal; Yakima; WA; USA; 46.56817; -120.54406; 0.20783804; 0.858331; 2
YKN; Chan Gurney Municipal; Yankton; SD; USA; 42.916695; -97.38595; 0.5347928; 0.65427244; 2
YNG; Youngstown-Warren Regional; Youngstown; OH; USA; 41.260735; -80.6791; 0.7921995; 0.6277844; 2
YUM; Yuma MCAS-Yuma International; Yuma; AZ; USA; 32.65658; -114.60597; 0.23414141; 0.34472007; 2
Z09; Kasigluk; Kasigluk; AK; USA; 60.87202; -162.52481; 0.15812816; 0.133852; 2
Z13; Akiachak; Akiachak; AK; USA; 60.904533; -161.42091; 0.16202062; 0.13346356; 2
Z17; Ophir; Ophir; AK; USA; 63.146038; -156.52986; 0.17982744; 0.15884793; 2
Z40; Goose Bay; Goose Bay; AK; USA; 61.39445; -149.84555; 0.20252451; 0.13779318; 2
Z55; Lake Louise; Lake Louise; AK; USA; 62.29369; -146.57942; 0.21308236; 0.15045255; 2
Z73; Nelson Lagoon; Nelson Lagoon; AK; USA; 56.007538; -161.16037; 0.15908834; 0.073409855; 2
Z84; Clear; Clear A.F.B.; AK; USA; 64.3012; -149.12015; 0.2034795; 0.1737262; 2
Z91; Birch Creek; Birch Creek; AK; USA; 66.273994; -145.82404; 0.21205279; 0.19943869; 2
Z95; Cibecue; Cibecue; AZ; USA; 34.003334; -110.44417; 0.30971342; 0.37056386; 2
ZEF; Elkin Municipal; Elkin; NC; USA; 36.280025; -80.78607; 0.8072178; 0.45343977; 2
ZER; Schuylkill Cty/Joe Zerbey; Pottsville; PA; USA; 40.706448; -76.373146; 0.860189; 0.6291841; 2
ZPH; Zephyrhills Municipal; Zephyrhills; FL; USA; 28.228065; -82.155914; 0.8091468; 0.16720134; 2
ZUN; Black Rock; Zuni; NM; USA; 35.083225; -108.79178; 0.34071648; 0.4015612; 2
ZZV; Zanesville Municipal; Zanesville; OH; USA; 39.944458; -81.892105; 0.7777051; 0.5768903; 2